Date,Year,Quarter,Month,Weekday,DayOfWeek
2020-01-01,2020,1,January,Wednesday,3
2020-01-02,2020,1,January,Thursday,4
2020-01-03,2020,1,January,Friday,5
2020-01-04,2020,1,January,Saturday,6
2020-01-05,2020,1,January,Sunday,7
2020-01-06,2020,1,January,Monday,1
2020-01-07,2020,1,January,Tuesday,2
2020-01-08,2020,1,January,Wednesday,3
2020-01-09,2020,1,January,Thursday,4
2020-01-10,2020,1,January,Friday,5
2020-01-11,2020,1,January,Saturday,6
2020-01-12,2020,1,January,Sunday,7
2020-01-13,2020,1,January,Monday,1
2020-01-14,2020,1,January,Tuesday,2
2020-01-15,2020,1,January,Wednesday,3
2020-01-16,2020,1,January,Thursday,4
2020-01-17,2020,1,January,Friday,5
2020-01-18,2020,1,January,Saturday,6
2020-01-19,2020,1,January,Sunday,7
2020-01-20,2020,1,January,Monday,1
2020-01-21,2020,1,January,Tuesday,2
2020-01-22,2020,1,January,Wednesday,3
2020-01-23,2020,1,January,Thursday,4
2020-01-24,2020,1,January,Friday,5
2020-01-25,2020,1,January,Saturday,6
2020-01-26,2020,1,January,Sunday,7
2020-01-27,2020,1,January,Monday,1
2020-01-28,2020,1,January,Tuesday,2
2020-01-29,2020,1,January,Wednesday,3
2020-01-30,2020,1,January,Thursday,4
2020-01-31,2020,1,January,Friday,5
2020-02-01,2020,1,February,Saturday,6
2020-02-02,2020,1,February,Sunday,7
2020-02-03,2020,1,February,Monday,1
2020-02-04,2020,1,February,Tuesday,2
2020-02-05,2020,1,February,Wednesday,3
2020-02-06,2020,1,February,Thursday,4
2020-02-07,2020,1,February,Friday,5
2020-02-08,2020,1,February,Saturday,6
2020-02-09,2020,1,February,Sunday,7
2020-02-10,2020,1,February,Monday,1
2020-02-11,2020,1,February,Tuesday,2
2020-02-12,2020,1,February,Wednesday,3
2020-02-13,2020,1,February,Thursday,4
2020-02-14,2020,1,February,Friday,5
2020-02-15,2020,1,February,Saturday,6
2020-02-16,2020,1,February,Sunday,7
2020-02-17,2020,1,February,Monday,1
2020-02-18,2020,1,February,Tuesday,2
2020-02-19,2020,1,February,Wednesday,3
2020-02-20,2020,1,February,Thursday,4
2020-02-21,2020,1,February,Friday,5
2020-02-22,2020,1,February,Saturday,6
2020-02-23,2020,1,February,Sunday,7
2020-02-24,2020,1,February,Monday,1
2020-02-25,2020,1,February,Tuesday,2
2020-02-26,2020,1,February,Wednesday,3
2020-02-27,2020,1,February,Thursday,4
2020-02-28,2020,1,February,Friday,5
2020-02-29,2020,1,February,Saturday,6
2020-03-01,2020,1,March,Sunday,7
2020-03-02,2020,1,March,Monday,1
2020-03-03,2020,1,March,Tuesday,2
2020-03-04,2020,1,March,Wednesday,3
2020-03-05,2020,1,March,Thursday,4
2020-03-06,2020,1,March,Friday,5
2020-03-07,2020,1,March,Saturday,6
2020-03-08,2020,1,March,Sunday,7
2020-03-09,2020,1,March,Monday,1
2020-03-10,2020,1,March,Tuesday,2
2020-03-11,2020,1,March,Wednesday,3
2020-03-12,2020,1,March,Thursday,4
2020-03-13,2020,1,March,Friday,5
2020-03-14,2020,1,March,Saturday,6
2020-03-15,2020,1,March,Sunday,7
2020-03-16,2020,1,March,Monday,1
2020-03-17,2020,1,March,Tuesday,2
2020-03-18,2020,1,March,Wednesday,3
2020-03-19,2020,1,March,Thursday,4
2020-03-20,2020,1,March,Friday,5
2020-03-21,2020,1,March,Saturday,6
2020-03-22,2020,1,March,Sunday,7
2020-03-23,2020,1,March,Monday,1
2020-03-24,2020,1,March,Tuesday,2
2020-03-25,2020,1,March,Wednesday,3
2020-03-26,2020,1,March,Thursday,4
2020-03-27,2020,1,March,Friday,5
2020-03-28,2020,1,March,Saturday,6
2020-03-29,2020,1,March,Sunday,7
2020-03-30,2020,1,March,Monday,1
2020-03-31,2020,1,March,Tuesday,2
2020-04-01,2020,2,April,Wednesday,3
2020-04-02,2020,2,April,Thursday,4
2020-04-03,2020,2,April,Friday,5
2020-04-04,2020,2,April,Saturday,6
2020-04-05,2020,2,April,Sunday,7
2020-04-06,2020,2,April,Monday,1
2020-04-07,2020,2,April,Tuesday,2
2020-04-08,2020,2,April,Wednesday,3
2020-04-09,2020,2,April,Thursday,4
2020-04-10,2020,2,April,Friday,5
2020-04-11,2020,2,April,Saturday,6
2020-04-12,2020,2,April,Sunday,7
2020-04-13,2020,2,April,Monday,1
2020-04-14,2020,2,April,Tuesday,2
2020-04-15,2020,2,April,Wednesday,3
2020-04-16,2020,2,April,Thursday,4
2020-04-17,2020,2,April,Friday,5
2020-04-18,2020,2,April,Saturday,6
2020-04-19,2020,2,April,Sunday,7
2020-04-20,2020,2,April,Monday,1
2020-04-21,2020,2,April,Tuesday,2
2020-04-22,2020,2,April,Wednesday,3
2020-04-23,2020,2,April,Thursday,4
2020-04-24,2020,2,April,Friday,5
2020-04-25,2020,2,April,Saturday,6
2020-04-26,2020,2,April,Sunday,7
2020-04-27,2020,2,April,Monday,1
2020-04-28,2020,2,April,Tuesday,2
2020-04-29,2020,2,April,Wednesday,3
2020-04-30,2020,2,April,Thursday,4
2020-05-01,2020,2,May,Friday,5
2020-05-02,2020,2,May,Saturday,6
2020-05-03,2020,2,May,Sunday,7
2020-05-04,2020,2,May,Monday,1
2020-05-05,2020,2,May,Tuesday,2
2020-05-06,2020,2,May,Wednesday,3
2020-05-07,2020,2,May,Thursday,4
2020-05-08,2020,2,May,Friday,5
2020-05-09,2020,2,May,Saturday,6
2020-05-10,2020,2,May,Sunday,7
2020-05-11,2020,2,May,Monday,1
2020-05-12,2020,2,May,Tuesday,2
2020-05-13,2020,2,May,Wednesday,3
2020-05-14,2020,2,May,Thursday,4
2020-05-15,2020,2,May,Friday,5
2020-05-16,2020,2,May,Saturday,6
2020-05-17,2020,2,May,Sunday,7
2020-05-18,2020,2,May,Monday,1
2020-05-19,2020,2,May,Tuesday,2
2020-05-20,2020,2,May,Wednesday,3
2020-05-21,2020,2,May,Thursday,4
2020-05-22,2020,2,May,Friday,5
2020-05-23,2020,2,May,Saturday,6
2020-05-24,2020,2,May,Sunday,7
2020-05-25,2020,2,May,Monday,1
2020-05-26,2020,2,May,Tuesday,2
2020-05-27,2020,2,May,Wednesday,3
2020-05-28,2020,2,May,Thursday,4
2020-05-29,2020,2,May,Friday,5
2020-05-30,2020,2,May,Saturday,6
2020-05-31,2020,2,May,Sunday,7
2020-06-01,2020,2,June,Monday,1
2020-06-02,2020,2,June,Tuesday,2
2020-06-03,2020,2,June,Wednesday,3
2020-06-04,2020,2,June,Thursday,4
2020-06-05,2020,2,June,Friday,5
2020-06-06,2020,2,June,Saturday,6
2020-06-07,2020,2,June,Sunday,7
2020-06-08,2020,2,June,Monday,1
2020-06-09,2020,2,June,Tuesday,2
2020-06-10,2020,2,June,Wednesday,3
2020-06-11,2020,2,June,Thursday,4
2020-06-12,2020,2,June,Friday,5
2020-06-13,2020,2,June,Saturday,6
2020-06-14,2020,2,June,Sunday,7
2020-06-15,2020,2,June,Monday,1
2020-06-16,2020,2,June,Tuesday,2
2020-06-17,2020,2,June,Wednesday,3
2020-06-18,2020,2,June,Thursday,4
2020-06-19,2020,2,June,Friday,5
2020-06-20,2020,2,June,Saturday,6
2020-06-21,2020,2,June,Sunday,7
2020-06-22,2020,2,June,Monday,1
2020-06-23,2020,2,June,Tuesday,2
2020-06-24,2020,2,June,Wednesday,3
2020-06-25,2020,2,June,Thursday,4
2020-06-26,2020,2,June,Friday,5
2020-06-27,2020,2,June,Saturday,6
2020-06-28,2020,2,June,Sunday,7
2020-06-29,2020,2,June,Monday,1
2020-06-30,2020,2,June,Tuesday,2
2020-07-01,2020,3,July,Wednesday,3
2020-07-02,2020,3,July,Thursday,4
2020-07-03,2020,3,July,Friday,5
2020-07-04,2020,3,July,Saturday,6
2020-07-05,2020,3,July,Sunday,7
2020-07-06,2020,3,July,Monday,1
2020-07-07,2020,3,July,Tuesday,2
2020-07-08,2020,3,July,Wednesday,3
2020-07-09,2020,3,July,Thursday,4
2020-07-10,2020,3,July,Friday,5
2020-07-11,2020,3,July,Saturday,6
2020-07-12,2020,3,July,Sunday,7
2020-07-13,2020,3,July,Monday,1
2020-07-14,2020,3,July,Tuesday,2
2020-07-15,2020,3,July,Wednesday,3
2020-07-16,2020,3,July,Thursday,4
2020-07-17,2020,3,July,Friday,5
2020-07-18,2020,3,July,Saturday,6
2020-07-19,2020,3,July,Sunday,7
2020-07-20,2020,3,July,Monday,1
2020-07-21,2020,3,July,Tuesday,2
2020-07-22,2020,3,July,Wednesday,3
2020-07-23,2020,3,July,Thursday,4
2020-07-24,2020,3,July,Friday,5
2020-07-25,2020,3,July,Saturday,6
2020-07-26,2020,3,July,Sunday,7
2020-07-27,2020,3,July,Monday,1
2020-07-28,2020,3,July,Tuesday,2
2020-07-29,2020,3,July,Wednesday,3
2020-07-30,2020,3,July,Thursday,4
2020-07-31,2020,3,July,Friday,5
2020-08-01,2020,3,August,Saturday,6
2020-08-02,2020,3,August,Sunday,7
2020-08-03,2020,3,August,Monday,1
2020-08-04,2020,3,August,Tuesday,2
2020-08-05,2020,3,August,Wednesday,3
2020-08-06,2020,3,August,Thursday,4
2020-08-07,2020,3,August,Friday,5
2020-08-08,2020,3,August,Saturday,6
2020-08-09,2020,3,August,Sunday,7
2020-08-10,2020,3,August,Monday,1
2020-08-11,2020,3,August,Tuesday,2
2020-08-12,2020,3,August,Wednesday,3
2020-08-13,2020,3,August,Thursday,4
2020-08-14,2020,3,August,Friday,5
2020-08-15,2020,3,August,Saturday,6
2020-08-16,2020,3,August,Sunday,7
2020-08-17,2020,3,August,Monday,1
2020-08-18,2020,3,August,Tuesday,2
2020-08-19,2020,3,August,Wednesday,3
2020-08-20,2020,3,August,Thursday,4
2020-08-21,2020,3,August,Friday,5
2020-08-22,2020,3,August,Saturday,6
2020-08-23,2020,3,August,Sunday,7
2020-08-24,2020,3,August,Monday,1
2020-08-25,2020,3,August,Tuesday,2
2020-08-26,2020,3,August,Wednesday,3
2020-08-27,2020,3,August,Thursday,4
2020-08-28,2020,3,August,Friday,5
2020-08-29,2020,3,August,Saturday,6
2020-08-30,2020,3,August,Sunday,7
2020-08-31,2020,3,August,Monday,1
2020-09-01,2020,3,September,Tuesday,2
2020-09-02,2020,3,September,Wednesday,3
2020-09-03,2020,3,September,Thursday,4
2020-09-04,2020,3,September,Friday,5
2020-09-05,2020,3,September,Saturday,6
2020-09-06,2020,3,September,Sunday,7
2020-09-07,2020,3,September,Monday,1
2020-09-08,2020,3,September,Tuesday,2
2020-09-09,2020,3,September,Wednesday,3
2020-09-10,2020,3,September,Thursday,4
2020-09-11,2020,3,September,Friday,5
2020-09-12,2020,3,September,Saturday,6
2020-09-13,2020,3,September,Sunday,7
2020-09-14,2020,3,September,Monday,1
2020-09-15,2020,3,September,Tuesday,2
2020-09-16,2020,3,September,Wednesday,3
2020-09-17,2020,3,September,Thursday,4
2020-09-18,2020,3,September,Friday,5
2020-09-19,2020,3,September,Saturday,6
2020-09-20,2020,3,September,Sunday,7
2020-09-21,2020,3,September,Monday,1
2020-09-22,2020,3,September,Tuesday,2
2020-09-23,2020,3,September,Wednesday,3
2020-09-24,2020,3,September,Thursday,4
2020-09-25,2020,3,September,Friday,5
2020-09-26,2020,3,September,Saturday,6
2020-09-27,2020,3,September,Sunday,7
2020-09-28,2020,3,September,Monday,1
2020-09-29,2020,3,September,Tuesday,2
2020-09-30,2020,3,September,Wednesday,3
2020-10-01,2020,4,October,Thursday,4
2020-10-02,2020,4,October,Friday,5
2020-10-03,2020,4,October,Saturday,6
2020-10-04,2020,4,October,Sunday,7
2020-10-05,2020,4,October,Monday,1
2020-10-06,2020,4,October,Tuesday,2
2020-10-07,2020,4,October,Wednesday,3
2020-10-08,2020,4,October,Thursday,4
2020-10-09,2020,4,October,Friday,5
2020-10-10,2020,4,October,Saturday,6
2020-10-11,2020,4,October,Sunday,7
2020-10-12,2020,4,October,Monday,1
2020-10-13,2020,4,October,Tuesday,2
2020-10-14,2020,4,October,Wednesday,3
2020-10-15,2020,4,October,Thursday,4
2020-10-16,2020,4,October,Friday,5
2020-10-17,2020,4,October,Saturday,6
2020-10-18,2020,4,October,Sunday,7
2020-10-19,2020,4,October,Monday,1
2020-10-20,2020,4,October,Tuesday,2
2020-10-21,2020,4,October,Wednesday,3
2020-10-22,2020,4,October,Thursday,4
2020-10-23,2020,4,October,Friday,5
2020-10-24,2020,4,October,Saturday,6
2020-10-25,2020,4,October,Sunday,7
2020-10-26,2020,4,October,Monday,1
2020-10-27,2020,4,October,Tuesday,2
2020-10-28,2020,4,October,Wednesday,3
2020-10-29,2020,4,October,Thursday,4
2020-10-30,2020,4,October,Friday,5
2020-10-31,2020,4,October,Saturday,6
2020-11-01,2020,4,November,Sunday,7
2020-11-02,2020,4,November,Monday,1
2020-11-03,2020,4,November,Tuesday,2
2020-11-04,2020,4,November,Wednesday,3
2020-11-05,2020,4,November,Thursday,4
2020-11-06,2020,4,November,Friday,5
2020-11-07,2020,4,November,Saturday,6
2020-11-08,2020,4,November,Sunday,7
2020-11-09,2020,4,November,Monday,1
2020-11-10,2020,4,November,Tuesday,2
2020-11-11,2020,4,November,Wednesday,3
2020-11-12,2020,4,November,Thursday,4
2020-11-13,2020,4,November,Friday,5
2020-11-14,2020,4,November,Saturday,6
2020-11-15,2020,4,November,Sunday,7
2020-11-16,2020,4,November,Monday,1
2020-11-17,2020,4,November,Tuesday,2
2020-11-18,2020,4,November,Wednesday,3
2020-11-19,2020,4,November,Thursday,4
2020-11-20,2020,4,November,Friday,5
2020-11-21,2020,4,November,Saturday,6
2020-11-22,2020,4,November,Sunday,7
2020-11-23,2020,4,November,Monday,1
2020-11-24,2020,4,November,Tuesday,2
2020-11-25,2020,4,November,Wednesday,3
2020-11-26,2020,4,November,Thursday,4
2020-11-27,2020,4,November,Friday,5
2020-11-28,2020,4,November,Saturday,6
2020-11-29,2020,4,November,Sunday,7
2020-11-30,2020,4,November,Monday,1
2020-12-01,2020,4,December,Tuesday,2
2020-12-02,2020,4,December,Wednesday,3
2020-12-03,2020,4,December,Thursday,4
2020-12-04,2020,4,December,Friday,5
2020-12-05,2020,4,December,Saturday,6
2020-12-06,2020,4,December,Sunday,7
2020-12-07,2020,4,December,Monday,1
2020-12-08,2020,4,December,Tuesday,2
2020-12-09,2020,4,December,Wednesday,3
2020-12-10,2020,4,December,Thursday,4
2020-12-11,2020,4,December,Friday,5
2020-12-12,2020,4,December,Saturday,6
2020-12-13,2020,4,December,Sunday,7
2020-12-14,2020,4,December,Monday,1
2020-12-15,2020,4,December,Tuesday,2
2020-12-16,2020,4,December,Wednesday,3
2020-12-17,2020,4,December,Thursday,4
2020-12-18,2020,4,December,Friday,5
2020-12-19,2020,4,December,Saturday,6
2020-12-20,2020,4,December,Sunday,7
2020-12-21,2020,4,December,Monday,1
2020-12-22,2020,4,December,Tuesday,2
2020-12-23,2020,4,December,Wednesday,3
2020-12-24,2020,4,December,Thursday,4
2020-12-25,2020,4,December,Friday,5
2020-12-26,2020,4,December,Saturday,6
2020-12-27,2020,4,December,Sunday,7
2020-12-28,2020,4,December,Monday,1
2020-12-29,2020,4,December,Tuesday,2
2020-12-30,2020,4,December,Wednesday,3
2020-12-31,2020,4,December,Thursday,4
2021-01-01,2021,1,January,Friday,5
2021-01-02,2021,1,January,Saturday,6
2021-01-03,2021,1,January,Sunday,7
2021-01-04,2021,1,January,Monday,1
2021-01-05,2021,1,January,Tuesday,2
2021-01-06,2021,1,January,Wednesday,3
2021-01-07,2021,1,January,Thursday,4
2021-01-08,2021,1,January,Friday,5
2021-01-09,2021,1,January,Saturday,6
2021-01-10,2021,1,January,Sunday,7
2021-01-11,2021,1,January,Monday,1
2021-01-12,2021,1,January,Tuesday,2
2021-01-13,2021,1,January,Wednesday,3
2021-01-14,2021,1,January,Thursday,4
2021-01-15,2021,1,January,Friday,5
2021-01-16,2021,1,January,Saturday,6
2021-01-17,2021,1,January,Sunday,7
2021-01-18,2021,1,January,Monday,1
2021-01-19,2021,1,January,Tuesday,2
2021-01-20,2021,1,January,Wednesday,3
2021-01-21,2021,1,January,Thursday,4
2021-01-22,2021,1,January,Friday,5
2021-01-23,2021,1,January,Saturday,6
2021-01-24,2021,1,January,Sunday,7
2021-01-25,2021,1,January,Monday,1
2021-01-26,2021,1,January,Tuesday,2
2021-01-27,2021,1,January,Wednesday,3
2021-01-28,2021,1,January,Thursday,4
2021-01-29,2021,1,January,Friday,5
2021-01-30,2021,1,January,Saturday,6
2021-01-31,2021,1,January,Sunday,7
2021-02-01,2021,1,February,Monday,1
2021-02-02,2021,1,February,Tuesday,2
2021-02-03,2021,1,February,Wednesday,3
2021-02-04,2021,1,February,Thursday,4
2021-02-05,2021,1,February,Friday,5
2021-02-06,2021,1,February,Saturday,6
2021-02-07,2021,1,February,Sunday,7
2021-02-08,2021,1,February,Monday,1
2021-02-09,2021,1,February,Tuesday,2
2021-02-10,2021,1,February,Wednesday,3
2021-02-11,2021,1,February,Thursday,4
2021-02-12,2021,1,February,Friday,5
2021-02-13,2021,1,February,Saturday,6
2021-02-14,2021,1,February,Sunday,7
2021-02-15,2021,1,February,Monday,1
2021-02-16,2021,1,February,Tuesday,2
2021-02-17,2021,1,February,Wednesday,3
2021-02-18,2021,1,February,Thursday,4
2021-02-19,2021,1,February,Friday,5
2021-02-20,2021,1,February,Saturday,6
2021-02-21,2021,1,February,Sunday,7
2021-02-22,2021,1,February,Monday,1
2021-02-23,2021,1,February,Tuesday,2
2021-02-24,2021,1,February,Wednesday,3
2021-02-25,2021,1,February,Thursday,4
2021-02-26,2021,1,February,Friday,5
2021-02-27,2021,1,February,Saturday,6
2021-02-28,2021,1,February,Sunday,7
2021-03-01,2021,1,March,Monday,1
2021-03-02,2021,1,March,Tuesday,2
2021-03-03,2021,1,March,Wednesday,3
2021-03-04,2021,1,March,Thursday,4
2021-03-05,2021,1,March,Friday,5
2021-03-06,2021,1,March,Saturday,6
2021-03-07,2021,1,March,Sunday,7
2021-03-08,2021,1,March,Monday,1
2021-03-09,2021,1,March,Tuesday,2
2021-03-10,2021,1,March,Wednesday,3
2021-03-11,2021,1,March,Thursday,4
2021-03-12,2021,1,March,Friday,5
2021-03-13,2021,1,March,Saturday,6
2021-03-14,2021,1,March,Sunday,7
2021-03-15,2021,1,March,Monday,1
2021-03-16,2021,1,March,Tuesday,2
2021-03-17,2021,1,March,Wednesday,3
2021-03-18,2021,1,March,Thursday,4
2021-03-19,2021,1,March,Friday,5
2021-03-20,2021,1,March,Saturday,6
2021-03-21,2021,1,March,Sunday,7
2021-03-22,2021,1,March,Monday,1
2021-03-23,2021,1,March,Tuesday,2
2021-03-24,2021,1,March,Wednesday,3
2021-03-25,2021,1,March,Thursday,4
2021-03-26,2021,1,March,Friday,5
2021-03-27,2021,1,March,Saturday,6
2021-03-28,2021,1,March,Sunday,7
2021-03-29,2021,1,March,Monday,1
2021-03-30,2021,1,March,Tuesday,2
2021-03-31,2021,1,March,Wednesday,3
2021-04-01,2021,2,April,Thursday,4
2021-04-02,2021,2,April,Friday,5
2021-04-03,2021,2,April,Saturday,6
2021-04-04,2021,2,April,Sunday,7
2021-04-05,2021,2,April,Monday,1
2021-04-06,2021,2,April,Tuesday,2
2021-04-07,2021,2,April,Wednesday,3
2021-04-08,2021,2,April,Thursday,4
2021-04-09,2021,2,April,Friday,5
2021-04-10,2021,2,April,Saturday,6
2021-04-11,2021,2,April,Sunday,7
2021-04-12,2021,2,April,Monday,1
2021-04-13,2021,2,April,Tuesday,2
2021-04-14,2021,2,April,Wednesday,3
2021-04-15,2021,2,April,Thursday,4
2021-04-16,2021,2,April,Friday,5
2021-04-17,2021,2,April,Saturday,6
2021-04-18,2021,2,April,Sunday,7
2021-04-19,2021,2,April,Monday,1
2021-04-20,2021,2,April,Tuesday,2
2021-04-21,2021,2,April,Wednesday,3
2021-04-22,2021,2,April,Thursday,4
2021-04-23,2021,2,April,Friday,5
2021-04-24,2021,2,April,Saturday,6
2021-04-25,2021,2,April,Sunday,7
2021-04-26,2021,2,April,Monday,1
2021-04-27,2021,2,April,Tuesday,2
2021-04-28,2021,2,April,Wednesday,3
2021-04-29,2021,2,April,Thursday,4
2021-04-30,2021,2,April,Friday,5
2021-05-01,2021,2,May,Saturday,6
2021-05-02,2021,2,May,Sunday,7
2021-05-03,2021,2,May,Monday,1
2021-05-04,2021,2,May,Tuesday,2
2021-05-05,2021,2,May,Wednesday,3
2021-05-06,2021,2,May,Thursday,4
2021-05-07,2021,2,May,Friday,5
2021-05-08,2021,2,May,Saturday,6
2021-05-09,2021,2,May,Sunday,7
2021-05-10,2021,2,May,Monday,1
2021-05-11,2021,2,May,Tuesday,2
2021-05-12,2021,2,May,Wednesday,3
2021-05-13,2021,2,May,Thursday,4
2021-05-14,2021,2,May,Friday,5
2021-05-15,2021,2,May,Saturday,6
2021-05-16,2021,2,May,Sunday,7
2021-05-17,2021,2,May,Monday,1
2021-05-18,2021,2,May,Tuesday,2
2021-05-19,2021,2,May,Wednesday,3
2021-05-20,2021,2,May,Thursday,4
2021-05-21,2021,2,May,Friday,5
2021-05-22,2021,2,May,Saturday,6
2021-05-23,2021,2,May,Sunday,7
2021-05-24,2021,2,May,Monday,1
2021-05-25,2021,2,May,Tuesday,2
2021-05-26,2021,2,May,Wednesday,3
2021-05-27,2021,2,May,Thursday,4
2021-05-28,2021,2,May,Friday,5
2021-05-29,2021,2,May,Saturday,6
2021-05-30,2021,2,May,Sunday,7
2021-05-31,2021,2,May,Monday,1
2021-06-01,2021,2,June,Tuesday,2
2021-06-02,2021,2,June,Wednesday,3
2021-06-03,2021,2,June,Thursday,4
2021-06-04,2021,2,June,Friday,5
2021-06-05,2021,2,June,Saturday,6
2021-06-06,2021,2,June,Sunday,7
2021-06-07,2021,2,June,Monday,1
2021-06-08,2021,2,June,Tuesday,2
2021-06-09,2021,2,June,Wednesday,3
2021-06-10,2021,2,June,Thursday,4
2021-06-11,2021,2,June,Friday,5
2021-06-12,2021,2,June,Saturday,6
2021-06-13,2021,2,June,Sunday,7
2021-06-14,2021,2,June,Monday,1
2021-06-15,2021,2,June,Tuesday,2
2021-06-16,2021,2,June,Wednesday,3
2021-06-17,2021,2,June,Thursday,4
2021-06-18,2021,2,June,Friday,5
2021-06-19,2021,2,June,Saturday,6
2021-06-20,2021,2,June,Sunday,7
2021-06-21,2021,2,June,Monday,1
2021-06-22,2021,2,June,Tuesday,2
2021-06-23,2021,2,June,Wednesday,3
2021-06-24,2021,2,June,Thursday,4
2021-06-25,2021,2,June,Friday,5
2021-06-26,2021,2,June,Saturday,6
2021-06-27,2021,2,June,Sunday,7
2021-06-28,2021,2,June,Monday,1
2021-06-29,2021,2,June,Tuesday,2
2021-06-30,2021,2,June,Wednesday,3
2021-07-01,2021,3,July,Thursday,4
2021-07-02,2021,3,July,Friday,5
2021-07-03,2021,3,July,Saturday,6
2021-07-04,2021,3,July,Sunday,7
2021-07-05,2021,3,July,Monday,1
2021-07-06,2021,3,July,Tuesday,2
2021-07-07,2021,3,July,Wednesday,3
2021-07-08,2021,3,July,Thursday,4
2021-07-09,2021,3,July,Friday,5
2021-07-10,2021,3,July,Saturday,6
2021-07-11,2021,3,July,Sunday,7
2021-07-12,2021,3,July,Monday,1
2021-07-13,2021,3,July,Tuesday,2
2021-07-14,2021,3,July,Wednesday,3
2021-07-15,2021,3,July,Thursday,4
2021-07-16,2021,3,July,Friday,5
2021-07-17,2021,3,July,Saturday,6
2021-07-18,2021,3,July,Sunday,7
2021-07-19,2021,3,July,Monday,1
2021-07-20,2021,3,July,Tuesday,2
2021-07-21,2021,3,July,Wednesday,3
2021-07-22,2021,3,July,Thursday,4
2021-07-23,2021,3,July,Friday,5
2021-07-24,2021,3,July,Saturday,6
2021-07-25,2021,3,July,Sunday,7
2021-07-26,2021,3,July,Monday,1
2021-07-27,2021,3,July,Tuesday,2
2021-07-28,2021,3,July,Wednesday,3
2021-07-29,2021,3,July,Thursday,4
2021-07-30,2021,3,July,Friday,5
2021-07-31,2021,3,July,Saturday,6
2021-08-01,2021,3,August,Sunday,7
2021-08-02,2021,3,August,Monday,1
2021-08-03,2021,3,August,Tuesday,2
2021-08-04,2021,3,August,Wednesday,3
2021-08-05,2021,3,August,Thursday,4
2021-08-06,2021,3,August,Friday,5
2021-08-07,2021,3,August,Saturday,6
2021-08-08,2021,3,August,Sunday,7
2021-08-09,2021,3,August,Monday,1
2021-08-10,2021,3,August,Tuesday,2
2021-08-11,2021,3,August,Wednesday,3
2021-08-12,2021,3,August,Thursday,4
2021-08-13,2021,3,August,Friday,5
2021-08-14,2021,3,August,Saturday,6
2021-08-15,2021,3,August,Sunday,7
2021-08-16,2021,3,August,Monday,1
2021-08-17,2021,3,August,Tuesday,2
2021-08-18,2021,3,August,Wednesday,3
2021-08-19,2021,3,August,Thursday,4
2021-08-20,2021,3,August,Friday,5
2021-08-21,2021,3,August,Saturday,6
2021-08-22,2021,3,August,Sunday,7
2021-08-23,2021,3,August,Monday,1
2021-08-24,2021,3,August,Tuesday,2
2021-08-25,2021,3,August,Wednesday,3
2021-08-26,2021,3,August,Thursday,4
2021-08-27,2021,3,August,Friday,5
2021-08-28,2021,3,August,Saturday,6
2021-08-29,2021,3,August,Sunday,7
2021-08-30,2021,3,August,Monday,1
2021-08-31,2021,3,August,Tuesday,2
2021-09-01,2021,3,September,Wednesday,3
2021-09-02,2021,3,September,Thursday,4
2021-09-03,2021,3,September,Friday,5
2021-09-04,2021,3,September,Saturday,6
2021-09-05,2021,3,September,Sunday,7
2021-09-06,2021,3,September,Monday,1
2021-09-07,2021,3,September,Tuesday,2
2021-09-08,2021,3,September,Wednesday,3
2021-09-09,2021,3,September,Thursday,4
2021-09-10,2021,3,September,Friday,5
2021-09-11,2021,3,September,Saturday,6
2021-09-12,2021,3,September,Sunday,7
2021-09-13,2021,3,September,Monday,1
2021-09-14,2021,3,September,Tuesday,2
2021-09-15,2021,3,September,Wednesday,3
2021-09-16,2021,3,September,Thursday,4
2021-09-17,2021,3,September,Friday,5
2021-09-18,2021,3,September,Saturday,6
2021-09-19,2021,3,September,Sunday,7
2021-09-20,2021,3,September,Monday,1
2021-09-21,2021,3,September,Tuesday,2
2021-09-22,2021,3,September,Wednesday,3
2021-09-23,2021,3,September,Thursday,4
2021-09-24,2021,3,September,Friday,5
2021-09-25,2021,3,September,Saturday,6
2021-09-26,2021,3,September,Sunday,7
2021-09-27,2021,3,September,Monday,1
2021-09-28,2021,3,September,Tuesday,2
2021-09-29,2021,3,September,Wednesday,3
2021-09-30,2021,3,September,Thursday,4
2021-10-01,2021,4,October,Friday,5
2021-10-02,2021,4,October,Saturday,6
2021-10-03,2021,4,October,Sunday,7
2021-10-04,2021,4,October,Monday,1
2021-10-05,2021,4,October,Tuesday,2
2021-10-06,2021,4,October,Wednesday,3
2021-10-07,2021,4,October,Thursday,4
2021-10-08,2021,4,October,Friday,5
2021-10-09,2021,4,October,Saturday,6
2021-10-10,2021,4,October,Sunday,7
2021-10-11,2021,4,October,Monday,1
2021-10-12,2021,4,October,Tuesday,2
2021-10-13,2021,4,October,Wednesday,3
2021-10-14,2021,4,October,Thursday,4
2021-10-15,2021,4,October,Friday,5
2021-10-16,2021,4,October,Saturday,6
2021-10-17,2021,4,October,Sunday,7
2021-10-18,2021,4,October,Monday,1
2021-10-19,2021,4,October,Tuesday,2
2021-10-20,2021,4,October,Wednesday,3
2021-10-21,2021,4,October,Thursday,4
2021-10-22,2021,4,October,Friday,5
2021-10-23,2021,4,October,Saturday,6
2021-10-24,2021,4,October,Sunday,7
2021-10-25,2021,4,October,Monday,1
2021-10-26,2021,4,October,Tuesday,2
2021-10-27,2021,4,October,Wednesday,3
2021-10-28,2021,4,October,Thursday,4
2021-10-29,2021,4,October,Friday,5
2021-10-30,2021,4,October,Saturday,6
2021-10-31,2021,4,October,Sunday,7
2021-11-01,2021,4,November,Monday,1
2021-11-02,2021,4,November,Tuesday,2
2021-11-03,2021,4,November,Wednesday,3
2021-11-04,2021,4,November,Thursday,4
2021-11-05,2021,4,November,Friday,5
2021-11-06,2021,4,November,Saturday,6
2021-11-07,2021,4,November,Sunday,7
2021-11-08,2021,4,November,Monday,1
2021-11-09,2021,4,November,Tuesday,2
2021-11-10,2021,4,November,Wednesday,3
2021-11-11,2021,4,November,Thursday,4
2021-11-12,2021,4,November,Friday,5
2021-11-13,2021,4,November,Saturday,6
2021-11-14,2021,4,November,Sunday,7
2021-11-15,2021,4,November,Monday,1
2021-11-16,2021,4,November,Tuesday,2
2021-11-17,2021,4,November,Wednesday,3
2021-11-18,2021,4,November,Thursday,4
2021-11-19,2021,4,November,Friday,5
2021-11-20,2021,4,November,Saturday,6
2021-11-21,2021,4,November,Sunday,7
2021-11-22,2021,4,November,Monday,1
2021-11-23,2021,4,November,Tuesday,2
2021-11-24,2021,4,November,Wednesday,3
2021-11-25,2021,4,November,Thursday,4
2021-11-26,2021,4,November,Friday,5
2021-11-27,2021,4,November,Saturday,6
2021-11-28,2021,4,November,Sunday,7
2021-11-29,2021,4,November,Monday,1
2021-11-30,2021,4,November,Tuesday,2
2021-12-01,2021,4,December,Wednesday,3
2021-12-02,2021,4,December,Thursday,4
2021-12-03,2021,4,December,Friday,5
2021-12-04,2021,4,December,Saturday,6
2021-12-05,2021,4,December,Sunday,7
2021-12-06,2021,4,December,Monday,1
2021-12-07,2021,4,December,Tuesday,2
2021-12-08,2021,4,December,Wednesday,3
2021-12-09,2021,4,December,Thursday,4
2021-12-10,2021,4,December,Friday,5
2021-12-11,2021,4,December,Saturday,6
2021-12-12,2021,4,December,Sunday,7
2021-12-13,2021,4,December,Monday,1
2021-12-14,2021,4,December,Tuesday,2
2021-12-15,2021,4,December,Wednesday,3
2021-12-16,2021,4,December,Thursday,4
2021-12-17,2021,4,December,Friday,5
2021-12-18,2021,4,December,Saturday,6
2021-12-19,2021,4,December,Sunday,7
2021-12-20,2021,4,December,Monday,1
2021-12-21,2021,4,December,Tuesday,2
2021-12-22,2021,4,December,Wednesday,3
2021-12-23,2021,4,December,Thursday,4
2021-12-24,2021,4,December,Friday,5
2021-12-25,2021,4,December,Saturday,6
2021-12-26,2021,4,December,Sunday,7
2021-12-27,2021,4,December,Monday,1
2021-12-28,2021,4,December,Tuesday,2
2021-12-29,2021,4,December,Wednesday,3
2021-12-30,2021,4,December,Thursday,4
2021-12-31,2021,4,December,Friday,5
2022-01-01,2022,1,January,Saturday,6
2022-01-02,2022,1,January,Sunday,7
2022-01-03,2022,1,January,Monday,1
2022-01-04,2022,1,January,Tuesday,2
2022-01-05,2022,1,January,Wednesday,3
2022-01-06,2022,1,January,Thursday,4
2022-01-07,2022,1,January,Friday,5
2022-01-08,2022,1,January,Saturday,6
2022-01-09,2022,1,January,Sunday,7
2022-01-10,2022,1,January,Monday,1
2022-01-11,2022,1,January,Tuesday,2
2022-01-12,2022,1,January,Wednesday,3
2022-01-13,2022,1,January,Thursday,4
2022-01-14,2022,1,January,Friday,5
2022-01-15,2022,1,January,Saturday,6
2022-01-16,2022,1,January,Sunday,7
2022-01-17,2022,1,January,Monday,1
2022-01-18,2022,1,January,Tuesday,2
2022-01-19,2022,1,January,Wednesday,3
2022-01-20,2022,1,January,Thursday,4
2022-01-21,2022,1,January,Friday,5
2022-01-22,2022,1,January,Saturday,6
2022-01-23,2022,1,January,Sunday,7
2022-01-24,2022,1,January,Monday,1
2022-01-25,2022,1,January,Tuesday,2
2022-01-26,2022,1,January,Wednesday,3
2022-01-27,2022,1,January,Thursday,4
2022-01-28,2022,1,January,Friday,5
2022-01-29,2022,1,January,Saturday,6
2022-01-30,2022,1,January,Sunday,7
2022-01-31,2022,1,January,Monday,1
2022-02-01,2022,1,February,Tuesday,2
2022-02-02,2022,1,February,Wednesday,3
2022-02-03,2022,1,February,Thursday,4
2022-02-04,2022,1,February,Friday,5
2022-02-05,2022,1,February,Saturday,6
2022-02-06,2022,1,February,Sunday,7
2022-02-07,2022,1,February,Monday,1
2022-02-08,2022,1,February,Tuesday,2
2022-02-09,2022,1,February,Wednesday,3
2022-02-10,2022,1,February,Thursday,4
2022-02-11,2022,1,February,Friday,5
2022-02-12,2022,1,February,Saturday,6
2022-02-13,2022,1,February,Sunday,7
2022-02-14,2022,1,February,Monday,1
2022-02-15,2022,1,February,Tuesday,2
2022-02-16,2022,1,February,Wednesday,3
2022-02-17,2022,1,February,Thursday,4
2022-02-18,2022,1,February,Friday,5
2022-02-19,2022,1,February,Saturday,6
2022-02-20,2022,1,February,Sunday,7
2022-02-21,2022,1,February,Monday,1
2022-02-22,2022,1,February,Tuesday,2
2022-02-23,2022,1,February,Wednesday,3
2022-02-24,2022,1,February,Thursday,4
2022-02-25,2022,1,February,Friday,5
2022-02-26,2022,1,February,Saturday,6
2022-02-27,2022,1,February,Sunday,7
2022-02-28,2022,1,February,Monday,1
2022-03-01,2022,1,March,Tuesday,2
2022-03-02,2022,1,March,Wednesday,3
2022-03-03,2022,1,March,Thursday,4
2022-03-04,2022,1,March,Friday,5
2022-03-05,2022,1,March,Saturday,6
2022-03-06,2022,1,March,Sunday,7
2022-03-07,2022,1,March,Monday,1
2022-03-08,2022,1,March,Tuesday,2
2022-03-09,2022,1,March,Wednesday,3
2022-03-10,2022,1,March,Thursday,4
2022-03-11,2022,1,March,Friday,5
2022-03-12,2022,1,March,Saturday,6
2022-03-13,2022,1,March,Sunday,7
2022-03-14,2022,1,March,Monday,1
2022-03-15,2022,1,March,Tuesday,2
2022-03-16,2022,1,March,Wednesday,3
2022-03-17,2022,1,March,Thursday,4
2022-03-18,2022,1,March,Friday,5
2022-03-19,2022,1,March,Saturday,6
2022-03-20,2022,1,March,Sunday,7
2022-03-21,2022,1,March,Monday,1
2022-03-22,2022,1,March,Tuesday,2
2022-03-23,2022,1,March,Wednesday,3
2022-03-24,2022,1,March,Thursday,4
2022-03-25,2022,1,March,Friday,5
2022-03-26,2022,1,March,Saturday,6
2022-03-27,2022,1,March,Sunday,7
2022-03-28,2022,1,March,Monday,1
2022-03-29,2022,1,March,Tuesday,2
2022-03-30,2022,1,March,Wednesday,3
2022-03-31,2022,1,March,Thursday,4
2022-04-01,2022,2,April,Friday,5
2022-04-02,2022,2,April,Saturday,6
2022-04-03,2022,2,April,Sunday,7
2022-04-04,2022,2,April,Monday,1
2022-04-05,2022,2,April,Tuesday,2
2022-04-06,2022,2,April,Wednesday,3
2022-04-07,2022,2,April,Thursday,4
2022-04-08,2022,2,April,Friday,5
2022-04-09,2022,2,April,Saturday,6
2022-04-10,2022,2,April,Sunday,7
2022-04-11,2022,2,April,Monday,1
2022-04-12,2022,2,April,Tuesday,2
2022-04-13,2022,2,April,Wednesday,3
2022-04-14,2022,2,April,Thursday,4
2022-04-15,2022,2,April,Friday,5
2022-04-16,2022,2,April,Saturday,6
2022-04-17,2022,2,April,Sunday,7
2022-04-18,2022,2,April,Monday,1
2022-04-19,2022,2,April,Tuesday,2
2022-04-20,2022,2,April,Wednesday,3
2022-04-21,2022,2,April,Thursday,4
2022-04-22,2022,2,April,Friday,5
2022-04-23,2022,2,April,Saturday,6
2022-04-24,2022,2,April,Sunday,7
2022-04-25,2022,2,April,Monday,1
2022-04-26,2022,2,April,Tuesday,2
2022-04-27,2022,2,April,Wednesday,3
2022-04-28,2022,2,April,Thursday,4
2022-04-29,2022,2,April,Friday,5
2022-04-30,2022,2,April,Saturday,6
2022-05-01,2022,2,May,Sunday,7
2022-05-02,2022,2,May,Monday,1
2022-05-03,2022,2,May,Tuesday,2
2022-05-04,2022,2,May,Wednesday,3
2022-05-05,2022,2,May,Thursday,4
2022-05-06,2022,2,May,Friday,5
2022-05-07,2022,2,May,Saturday,6
2022-05-08,2022,2,May,Sunday,7
2022-05-09,2022,2,May,Monday,1
2022-05-10,2022,2,May,Tuesday,2
2022-05-11,2022,2,May,Wednesday,3
2022-05-12,2022,2,May,Thursday,4
2022-05-13,2022,2,May,Friday,5
2022-05-14,2022,2,May,Saturday,6
2022-05-15,2022,2,May,Sunday,7
2022-05-16,2022,2,May,Monday,1
2022-05-17,2022,2,May,Tuesday,2
2022-05-18,2022,2,May,Wednesday,3
2022-05-19,2022,2,May,Thursday,4
2022-05-20,2022,2,May,Friday,5
2022-05-21,2022,2,May,Saturday,6
2022-05-22,2022,2,May,Sunday,7
2022-05-23,2022,2,May,Monday,1
2022-05-24,2022,2,May,Tuesday,2
2022-05-25,2022,2,May,Wednesday,3
2022-05-26,2022,2,May,Thursday,4
2022-05-27,2022,2,May,Friday,5
2022-05-28,2022,2,May,Saturday,6
2022-05-29,2022,2,May,Sunday,7
2022-05-30,2022,2,May,Monday,1
2022-05-31,2022,2,May,Tuesday,2
2022-06-01,2022,2,June,Wednesday,3
2022-06-02,2022,2,June,Thursday,4
2022-06-03,2022,2,June,Friday,5
2022-06-04,2022,2,June,Saturday,6
2022-06-05,2022,2,June,Sunday,7
2022-06-06,2022,2,June,Monday,1
2022-06-07,2022,2,June,Tuesday,2
2022-06-08,2022,2,June,Wednesday,3
2022-06-09,2022,2,June,Thursday,4
2022-06-10,2022,2,June,Friday,5
2022-06-11,2022,2,June,Saturday,6
2022-06-12,2022,2,June,Sunday,7
2022-06-13,2022,2,June,Monday,1
2022-06-14,2022,2,June,Tuesday,2
2022-06-15,2022,2,June,Wednesday,3
2022-06-16,2022,2,June,Thursday,4
2022-06-17,2022,2,June,Friday,5
2022-06-18,2022,2,June,Saturday,6
2022-06-19,2022,2,June,Sunday,7
2022-06-20,2022,2,June,Monday,1
2022-06-21,2022,2,June,Tuesday,2
2022-06-22,2022,2,June,Wednesday,3
2022-06-23,2022,2,June,Thursday,4
2022-06-24,2022,2,June,Friday,5
2022-06-25,2022,2,June,Saturday,6
2022-06-26,2022,2,June,Sunday,7
2022-06-27,2022,2,June,Monday,1
2022-06-28,2022,2,June,Tuesday,2
2022-06-29,2022,2,June,Wednesday,3
2022-06-30,2022,2,June,Thursday,4
2022-07-01,2022,3,July,Friday,5
2022-07-02,2022,3,July,Saturday,6
2022-07-03,2022,3,July,Sunday,7
2022-07-04,2022,3,July,Monday,1
2022-07-05,2022,3,July,Tuesday,2
2022-07-06,2022,3,July,Wednesday,3
2022-07-07,2022,3,July,Thursday,4
2022-07-08,2022,3,July,Friday,5
2022-07-09,2022,3,July,Saturday,6
2022-07-10,2022,3,July,Sunday,7
2022-07-11,2022,3,July,Monday,1
2022-07-12,2022,3,July,Tuesday,2
2022-07-13,2022,3,July,Wednesday,3
2022-07-14,2022,3,July,Thursday,4
2022-07-15,2022,3,July,Friday,5
2022-07-16,2022,3,July,Saturday,6
2022-07-17,2022,3,July,Sunday,7
2022-07-18,2022,3,July,Monday,1
2022-07-19,2022,3,July,Tuesday,2
2022-07-20,2022,3,July,Wednesday,3
2022-07-21,2022,3,July,Thursday,4
2022-07-22,2022,3,July,Friday,5
2022-07-23,2022,3,July,Saturday,6
2022-07-24,2022,3,July,Sunday,7
2022-07-25,2022,3,July,Monday,1
2022-07-26,2022,3,July,Tuesday,2
2022-07-27,2022,3,July,Wednesday,3
2022-07-28,2022,3,July,Thursday,4
2022-07-29,2022,3,July,Friday,5
2022-07-30,2022,3,July,Saturday,6
2022-07-31,2022,3,July,Sunday,7
2022-08-01,2022,3,August,Monday,1
2022-08-02,2022,3,August,Tuesday,2
2022-08-03,2022,3,August,Wednesday,3
2022-08-04,2022,3,August,Thursday,4
2022-08-05,2022,3,August,Friday,5
2022-08-06,2022,3,August,Saturday,6
2022-08-07,2022,3,August,Sunday,7
2022-08-08,2022,3,August,Monday,1
2022-08-09,2022,3,August,Tuesday,2
2022-08-10,2022,3,August,Wednesday,3
2022-08-11,2022,3,August,Thursday,4
2022-08-12,2022,3,August,Friday,5
2022-08-13,2022,3,August,Saturday,6
2022-08-14,2022,3,August,Sunday,7
2022-08-15,2022,3,August,Monday,1
2022-08-16,2022,3,August,Tuesday,2
2022-08-17,2022,3,August,Wednesday,3
2022-08-18,2022,3,August,Thursday,4
2022-08-19,2022,3,August,Friday,5
2022-08-20,2022,3,August,Saturday,6
2022-08-21,2022,3,August,Sunday,7
2022-08-22,2022,3,August,Monday,1
2022-08-23,2022,3,August,Tuesday,2
2022-08-24,2022,3,August,Wednesday,3
2022-08-25,2022,3,August,Thursday,4
2022-08-26,2022,3,August,Friday,5
2022-08-27,2022,3,August,Saturday,6
2022-08-28,2022,3,August,Sunday,7
2022-08-29,2022,3,August,Monday,1
2022-08-30,2022,3,August,Tuesday,2
2022-08-31,2022,3,August,Wednesday,3
2022-09-01,2022,3,September,Thursday,4
2022-09-02,2022,3,September,Friday,5
2022-09-03,2022,3,September,Saturday,6
2022-09-04,2022,3,September,Sunday,7
2022-09-05,2022,3,September,Monday,1
2022-09-06,2022,3,September,Tuesday,2
2022-09-07,2022,3,September,Wednesday,3
2022-09-08,2022,3,September,Thursday,4
2022-09-09,2022,3,September,Friday,5
2022-09-10,2022,3,September,Saturday,6
2022-09-11,2022,3,September,Sunday,7
2022-09-12,2022,3,September,Monday,1
2022-09-13,2022,3,September,Tuesday,2
2022-09-14,2022,3,September,Wednesday,3
2022-09-15,2022,3,September,Thursday,4
2022-09-16,2022,3,September,Friday,5
2022-09-17,2022,3,September,Saturday,6
2022-09-18,2022,3,September,Sunday,7
2022-09-19,2022,3,September,Monday,1
2022-09-20,2022,3,September,Tuesday,2
2022-09-21,2022,3,September,Wednesday,3
2022-09-22,2022,3,September,Thursday,4
2022-09-23,2022,3,September,Friday,5
2022-09-24,2022,3,September,Saturday,6
2022-09-25,2022,3,September,Sunday,7
2022-09-26,2022,3,September,Monday,1
2022-09-27,2022,3,September,Tuesday,2
2022-09-28,2022,3,September,Wednesday,3
2022-09-29,2022,3,September,Thursday,4
2022-09-30,2022,3,September,Friday,5
2022-10-01,2022,4,October,Saturday,6
2022-10-02,2022,4,October,Sunday,7
2022-10-03,2022,4,October,Monday,1
2022-10-04,2022,4,October,Tuesday,2
2022-10-05,2022,4,October,Wednesday,3
2022-10-06,2022,4,October,Thursday,4
2022-10-07,2022,4,October,Friday,5
2022-10-08,2022,4,October,Saturday,6
2022-10-09,2022,4,October,Sunday,7
2022-10-10,2022,4,October,Monday,1
2022-10-11,2022,4,October,Tuesday,2
2022-10-12,2022,4,October,Wednesday,3
2022-10-13,2022,4,October,Thursday,4
2022-10-14,2022,4,October,Friday,5
2022-10-15,2022,4,October,Saturday,6
2022-10-16,2022,4,October,Sunday,7
2022-10-17,2022,4,October,Monday,1
2022-10-18,2022,4,October,Tuesday,2
2022-10-19,2022,4,October,Wednesday,3
2022-10-20,2022,4,October,Thursday,4
2022-10-21,2022,4,October,Friday,5
2022-10-22,2022,4,October,Saturday,6
2022-10-23,2022,4,October,Sunday,7
2022-10-24,2022,4,October,Monday,1
2022-10-25,2022,4,October,Tuesday,2
2022-10-26,2022,4,October,Wednesday,3
2022-10-27,2022,4,October,Thursday,4
2022-10-28,2022,4,October,Friday,5
2022-10-29,2022,4,October,Saturday,6
2022-10-30,2022,4,October,Sunday,7
2022-10-31,2022,4,October,Monday,1
2022-11-01,2022,4,November,Tuesday,2
2022-11-02,2022,4,November,Wednesday,3
2022-11-03,2022,4,November,Thursday,4
2022-11-04,2022,4,November,Friday,5
2022-11-05,2022,4,November,Saturday,6
2022-11-06,2022,4,November,Sunday,7
2022-11-07,2022,4,November,Monday,1
2022-11-08,2022,4,November,Tuesday,2
2022-11-09,2022,4,November,Wednesday,3
2022-11-10,2022,4,November,Thursday,4
2022-11-11,2022,4,November,Friday,5
2022-11-12,2022,4,November,Saturday,6
2022-11-13,2022,4,November,Sunday,7
2022-11-14,2022,4,November,Monday,1
2022-11-15,2022,4,November,Tuesday,2
2022-11-16,2022,4,November,Wednesday,3
2022-11-17,2022,4,November,Thursday,4
2022-11-18,2022,4,November,Friday,5
2022-11-19,2022,4,November,Saturday,6
2022-11-20,2022,4,November,Sunday,7
2022-11-21,2022,4,November,Monday,1
2022-11-22,2022,4,November,Tuesday,2
2022-11-23,2022,4,November,Wednesday,3
2022-11-24,2022,4,November,Thursday,4
2022-11-25,2022,4,November,Friday,5
2022-11-26,2022,4,November,Saturday,6
2022-11-27,2022,4,November,Sunday,7
2022-11-28,2022,4,November,Monday,1
2022-11-29,2022,4,November,Tuesday,2
2022-11-30,2022,4,November,Wednesday,3
2022-12-01,2022,4,December,Thursday,4
2022-12-02,2022,4,December,Friday,5
2022-12-03,2022,4,December,Saturday,6
2022-12-04,2022,4,December,Sunday,7
2022-12-05,2022,4,December,Monday,1
2022-12-06,2022,4,December,Tuesday,2
2022-12-07,2022,4,December,Wednesday,3
2022-12-08,2022,4,December,Thursday,4
2022-12-09,2022,4,December,Friday,5
2022-12-10,2022,4,December,Saturday,6
2022-12-11,2022,4,December,Sunday,7
2022-12-12,2022,4,December,Monday,1
2022-12-13,2022,4,December,Tuesday,2
2022-12-14,2022,4,December,Wednesday,3
2022-12-15,2022,4,December,Thursday,4
2022-12-16,2022,4,December,Friday,5
2022-12-17,2022,4,December,Saturday,6
2022-12-18,2022,4,December,Sunday,7
2022-12-19,2022,4,December,Monday,1
2022-12-20,2022,4,December,Tuesday,2
2022-12-21,2022,4,December,Wednesday,3
2022-12-22,2022,4,December,Thursday,4
2022-12-23,2022,4,December,Friday,5
2022-12-24,2022,4,December,Saturday,6
2022-12-25,2022,4,December,Sunday,7
2022-12-26,2022,4,December,Monday,1
2022-12-27,2022,4,December,Tuesday,2
2022-12-28,2022,4,December,Wednesday,3
2022-12-29,2022,4,December,Thursday,4
2022-12-30,2022,4,December,Friday,5
2022-12-31,2022,4,December,Saturday,6
2023-01-01,2023,1,January,Sunday,7
2023-01-02,2023,1,January,Monday,1
2023-01-03,2023,1,January,Tuesday,2
2023-01-04,2023,1,January,Wednesday,3
2023-01-05,2023,1,January,Thursday,4
2023-01-06,2023,1,January,Friday,5
2023-01-07,2023,1,January,Saturday,6
2023-01-08,2023,1,January,Sunday,7
2023-01-09,2023,1,January,Monday,1
2023-01-10,2023,1,January,Tuesday,2
2023-01-11,2023,1,January,Wednesday,3
2023-01-12,2023,1,January,Thursday,4
2023-01-13,2023,1,January,Friday,5
2023-01-14,2023,1,January,Saturday,6
2023-01-15,2023,1,January,Sunday,7
2023-01-16,2023,1,January,Monday,1
2023-01-17,2023,1,January,Tuesday,2
2023-01-18,2023,1,January,Wednesday,3
2023-01-19,2023,1,January,Thursday,4
2023-01-20,2023,1,January,Friday,5
2023-01-21,2023,1,January,Saturday,6
2023-01-22,2023,1,January,Sunday,7
2023-01-23,2023,1,January,Monday,1
2023-01-24,2023,1,January,Tuesday,2
2023-01-25,2023,1,January,Wednesday,3
2023-01-26,2023,1,January,Thursday,4
2023-01-27,2023,1,January,Friday,5
2023-01-28,2023,1,January,Saturday,6
2023-01-29,2023,1,January,Sunday,7
2023-01-30,2023,1,January,Monday,1
2023-01-31,2023,1,January,Tuesday,2
2023-02-01,2023,1,February,Wednesday,3
2023-02-02,2023,1,February,Thursday,4
2023-02-03,2023,1,February,Friday,5
2023-02-04,2023,1,February,Saturday,6
2023-02-05,2023,1,February,Sunday,7
2023-02-06,2023,1,February,Monday,1
2023-02-07,2023,1,February,Tuesday,2
2023-02-08,2023,1,February,Wednesday,3
2023-02-09,2023,1,February,Thursday,4
2023-02-10,2023,1,February,Friday,5
2023-02-11,2023,1,February,Saturday,6
2023-02-12,2023,1,February,Sunday,7
2023-02-13,2023,1,February,Monday,1
2023-02-14,2023,1,February,Tuesday,2
2023-02-15,2023,1,February,Wednesday,3
2023-02-16,2023,1,February,Thursday,4
2023-02-17,2023,1,February,Friday,5
2023-02-18,2023,1,February,Saturday,6
2023-02-19,2023,1,February,Sunday,7
2023-02-20,2023,1,February,Monday,1
2023-02-21,2023,1,February,Tuesday,2
2023-02-22,2023,1,February,Wednesday,3
2023-02-23,2023,1,February,Thursday,4
2023-02-24,2023,1,February,Friday,5
2023-02-25,2023,1,February,Saturday,6
2023-02-26,2023,1,February,Sunday,7
2023-02-27,2023,1,February,Monday,1
2023-02-28,2023,1,February,Tuesday,2
2023-03-01,2023,1,March,Wednesday,3
2023-03-02,2023,1,March,Thursday,4
2023-03-03,2023,1,March,Friday,5
2023-03-04,2023,1,March,Saturday,6
2023-03-05,2023,1,March,Sunday,7
2023-03-06,2023,1,March,Monday,1
2023-03-07,2023,1,March,Tuesday,2
2023-03-08,2023,1,March,Wednesday,3
2023-03-09,2023,1,March,Thursday,4
2023-03-10,2023,1,March,Friday,5
2023-03-11,2023,1,March,Saturday,6
2023-03-12,2023,1,March,Sunday,7
2023-03-13,2023,1,March,Monday,1
2023-03-14,2023,1,March,Tuesday,2
2023-03-15,2023,1,March,Wednesday,3
2023-03-16,2023,1,March,Thursday,4
2023-03-17,2023,1,March,Friday,5
2023-03-18,2023,1,March,Saturday,6
2023-03-19,2023,1,March,Sunday,7
2023-03-20,2023,1,March,Monday,1
2023-03-21,2023,1,March,Tuesday,2
2023-03-22,2023,1,March,Wednesday,3
2023-03-23,2023,1,March,Thursday,4
2023-03-24,2023,1,March,Friday,5
2023-03-25,2023,1,March,Saturday,6
2023-03-26,2023,1,March,Sunday,7
2023-03-27,2023,1,March,Monday,1
2023-03-28,2023,1,March,Tuesday,2
2023-03-29,2023,1,March,Wednesday,3
2023-03-30,2023,1,March,Thursday,4
2023-03-31,2023,1,March,Friday,5
2023-04-01,2023,2,April,Saturday,6
2023-04-02,2023,2,April,Sunday,7
2023-04-03,2023,2,April,Monday,1
2023-04-04,2023,2,April,Tuesday,2
2023-04-05,2023,2,April,Wednesday,3
2023-04-06,2023,2,April,Thursday,4
2023-04-07,2023,2,April,Friday,5
2023-04-08,2023,2,April,Saturday,6
2023-04-09,2023,2,April,Sunday,7
2023-04-10,2023,2,April,Monday,1
2023-04-11,2023,2,April,Tuesday,2
2023-04-12,2023,2,April,Wednesday,3
2023-04-13,2023,2,April,Thursday,4
2023-04-14,2023,2,April,Friday,5
2023-04-15,2023,2,April,Saturday,6
2023-04-16,2023,2,April,Sunday,7
2023-04-17,2023,2,April,Monday,1
2023-04-18,2023,2,April,Tuesday,2
2023-04-19,2023,2,April,Wednesday,3
2023-04-20,2023,2,April,Thursday,4
2023-04-21,2023,2,April,Friday,5
2023-04-22,2023,2,April,Saturday,6
2023-04-23,2023,2,April,Sunday,7
2023-04-24,2023,2,April,Monday,1
2023-04-25,2023,2,April,Tuesday,2
2023-04-26,2023,2,April,Wednesday,3
2023-04-27,2023,2,April,Thursday,4
2023-04-28,2023,2,April,Friday,5
2023-04-29,2023,2,April,Saturday,6
2023-04-30,2023,2,April,Sunday,7
2023-05-01,2023,2,May,Monday,1
2023-05-02,2023,2,May,Tuesday,2
2023-05-03,2023,2,May,Wednesday,3
2023-05-04,2023,2,May,Thursday,4
2023-05-05,2023,2,May,Friday,5
2023-05-06,2023,2,May,Saturday,6
2023-05-07,2023,2,May,Sunday,7
2023-05-08,2023,2,May,Monday,1
2023-05-09,2023,2,May,Tuesday,2
2023-05-10,2023,2,May,Wednesday,3
2023-05-11,2023,2,May,Thursday,4
2023-05-12,2023,2,May,Friday,5
2023-05-13,2023,2,May,Saturday,6
2023-05-14,2023,2,May,Sunday,7
2023-05-15,2023,2,May,Monday,1
2023-05-16,2023,2,May,Tuesday,2
2023-05-17,2023,2,May,Wednesday,3
2023-05-18,2023,2,May,Thursday,4
2023-05-19,2023,2,May,Friday,5
2023-05-20,2023,2,May,Saturday,6
2023-05-21,2023,2,May,Sunday,7
2023-05-22,2023,2,May,Monday,1
2023-05-23,2023,2,May,Tuesday,2
2023-05-24,2023,2,May,Wednesday,3
2023-05-25,2023,2,May,Thursday,4
2023-05-26,2023,2,May,Friday,5
2023-05-27,2023,2,May,Saturday,6
2023-05-28,2023,2,May,Sunday,7
2023-05-29,2023,2,May,Monday,1
2023-05-30,2023,2,May,Tuesday,2
2023-05-31,2023,2,May,Wednesday,3
2023-06-01,2023,2,June,Thursday,4
2023-06-02,2023,2,June,Friday,5
2023-06-03,2023,2,June,Saturday,6
2023-06-04,2023,2,June,Sunday,7
2023-06-05,2023,2,June,Monday,1
2023-06-06,2023,2,June,Tuesday,2
2023-06-07,2023,2,June,Wednesday,3
2023-06-08,2023,2,June,Thursday,4
2023-06-09,2023,2,June,Friday,5
2023-06-10,2023,2,June,Saturday,6
2023-06-11,2023,2,June,Sunday,7
2023-06-12,2023,2,June,Monday,1
2023-06-13,2023,2,June,Tuesday,2
2023-06-14,2023,2,June,Wednesday,3
2023-06-15,2023,2,June,Thursday,4
2023-06-16,2023,2,June,Friday,5
2023-06-17,2023,2,June,Saturday,6
2023-06-18,2023,2,June,Sunday,7
2023-06-19,2023,2,June,Monday,1
2023-06-20,2023,2,June,Tuesday,2
2023-06-21,2023,2,June,Wednesday,3
2023-06-22,2023,2,June,Thursday,4
2023-06-23,2023,2,June,Friday,5
2023-06-24,2023,2,June,Saturday,6
2023-06-25,2023,2,June,Sunday,7
2023-06-26,2023,2,June,Monday,1
2023-06-27,2023,2,June,Tuesday,2
2023-06-28,2023,2,June,Wednesday,3
2023-06-29,2023,2,June,Thursday,4
2023-06-30,2023,2,June,Friday,5
2023-07-01,2023,3,July,Saturday,6
2023-07-02,2023,3,July,Sunday,7
2023-07-03,2023,3,July,Monday,1
2023-07-04,2023,3,July,Tuesday,2
2023-07-05,2023,3,July,Wednesday,3
2023-07-06,2023,3,July,Thursday,4
2023-07-07,2023,3,July,Friday,5
2023-07-08,2023,3,July,Saturday,6
2023-07-09,2023,3,July,Sunday,7
2023-07-10,2023,3,July,Monday,1
2023-07-11,2023,3,July,Tuesday,2
2023-07-12,2023,3,July,Wednesday,3
2023-07-13,2023,3,July,Thursday,4
2023-07-14,2023,3,July,Friday,5
2023-07-15,2023,3,July,Saturday,6
2023-07-16,2023,3,July,Sunday,7
2023-07-17,2023,3,July,Monday,1
2023-07-18,2023,3,July,Tuesday,2
2023-07-19,2023,3,July,Wednesday,3
2023-07-20,2023,3,July,Thursday,4
2023-07-21,2023,3,July,Friday,5
2023-07-22,2023,3,July,Saturday,6
2023-07-23,2023,3,July,Sunday,7
2023-07-24,2023,3,July,Monday,1
2023-07-25,2023,3,July,Tuesday,2
2023-07-26,2023,3,July,Wednesday,3
2023-07-27,2023,3,July,Thursday,4
2023-07-28,2023,3,July,Friday,5
2023-07-29,2023,3,July,Saturday,6
2023-07-30,2023,3,July,Sunday,7
2023-07-31,2023,3,July,Monday,1
2023-08-01,2023,3,August,Tuesday,2
2023-08-02,2023,3,August,Wednesday,3
2023-08-03,2023,3,August,Thursday,4
2023-08-04,2023,3,August,Friday,5
2023-08-05,2023,3,August,Saturday,6
2023-08-06,2023,3,August,Sunday,7
2023-08-07,2023,3,August,Monday,1
2023-08-08,2023,3,August,Tuesday,2
2023-08-09,2023,3,August,Wednesday,3
2023-08-10,2023,3,August,Thursday,4
2023-08-11,2023,3,August,Friday,5
2023-08-12,2023,3,August,Saturday,6
2023-08-13,2023,3,August,Sunday,7
2023-08-14,2023,3,August,Monday,1
2023-08-15,2023,3,August,Tuesday,2
2023-08-16,2023,3,August,Wednesday,3
2023-08-17,2023,3,August,Thursday,4
2023-08-18,2023,3,August,Friday,5
2023-08-19,2023,3,August,Saturday,6
2023-08-20,2023,3,August,Sunday,7
2023-08-21,2023,3,August,Monday,1
2023-08-22,2023,3,August,Tuesday,2
2023-08-23,2023,3,August,Wednesday,3
2023-08-24,2023,3,August,Thursday,4
2023-08-25,2023,3,August,Friday,5
2023-08-26,2023,3,August,Saturday,6
2023-08-27,2023,3,August,Sunday,7
2023-08-28,2023,3,August,Monday,1
2023-08-29,2023,3,August,Tuesday,2
2023-08-30,2023,3,August,Wednesday,3
2023-08-31,2023,3,August,Thursday,4
2023-09-01,2023,3,September,Friday,5
2023-09-02,2023,3,September,Saturday,6
2023-09-03,2023,3,September,Sunday,7
2023-09-04,2023,3,September,Monday,1
2023-09-05,2023,3,September,Tuesday,2
2023-09-06,2023,3,September,Wednesday,3
2023-09-07,2023,3,September,Thursday,4
2023-09-08,2023,3,September,Friday,5
2023-09-09,2023,3,September,Saturday,6
2023-09-10,2023,3,September,Sunday,7
2023-09-11,2023,3,September,Monday,1
2023-09-12,2023,3,September,Tuesday,2
2023-09-13,2023,3,September,Wednesday,3
2023-09-14,2023,3,September,Thursday,4
2023-09-15,2023,3,September,Friday,5
2023-09-16,2023,3,September,Saturday,6
2023-09-17,2023,3,September,Sunday,7
2023-09-18,2023,3,September,Monday,1
2023-09-19,2023,3,September,Tuesday,2
2023-09-20,2023,3,September,Wednesday,3
2023-09-21,2023,3,September,Thursday,4
2023-09-22,2023,3,September,Friday,5
2023-09-23,2023,3,September,Saturday,6
2023-09-24,2023,3,September,Sunday,7
2023-09-25,2023,3,September,Monday,1
2023-09-26,2023,3,September,Tuesday,2
2023-09-27,2023,3,September,Wednesday,3
2023-09-28,2023,3,September,Thursday,4
2023-09-29,2023,3,September,Friday,5
2023-09-30,2023,3,September,Saturday,6
2023-10-01,2023,4,October,Sunday,7
2023-10-02,2023,4,October,Monday,1
2023-10-03,2023,4,October,Tuesday,2
2023-10-04,2023,4,October,Wednesday,3
2023-10-05,2023,4,October,Thursday,4
2023-10-06,2023,4,October,Friday,5
2023-10-07,2023,4,October,Saturday,6
2023-10-08,2023,4,October,Sunday,7
2023-10-09,2023,4,October,Monday,1
2023-10-10,2023,4,October,Tuesday,2
2023-10-11,2023,4,October,Wednesday,3
2023-10-12,2023,4,October,Thursday,4
2023-10-13,2023,4,October,Friday,5
2023-10-14,2023,4,October,Saturday,6
2023-10-15,2023,4,October,Sunday,7
2023-10-16,2023,4,October,Monday,1
2023-10-17,2023,4,October,Tuesday,2
2023-10-18,2023,4,October,Wednesday,3
2023-10-19,2023,4,October,Thursday,4
2023-10-20,2023,4,October,Friday,5
2023-10-21,2023,4,October,Saturday,6
2023-10-22,2023,4,October,Sunday,7
2023-10-23,2023,4,October,Monday,1
2023-10-24,2023,4,October,Tuesday,2
2023-10-25,2023,4,October,Wednesday,3
2023-10-26,2023,4,October,Thursday,4
2023-10-27,2023,4,October,Friday,5
2023-10-28,2023,4,October,Saturday,6
2023-10-29,2023,4,October,Sunday,7
2023-10-30,2023,4,October,Monday,1
2023-10-31,2023,4,October,Tuesday,2
2023-11-01,2023,4,November,Wednesday,3
2023-11-02,2023,4,November,Thursday,4
2023-11-03,2023,4,November,Friday,5
2023-11-04,2023,4,November,Saturday,6
2023-11-05,2023,4,November,Sunday,7
2023-11-06,2023,4,November,Monday,1
2023-11-07,2023,4,November,Tuesday,2
2023-11-08,2023,4,November,Wednesday,3
2023-11-09,2023,4,November,Thursday,4
2023-11-10,2023,4,November,Friday,5
2023-11-11,2023,4,November,Saturday,6
2023-11-12,2023,4,November,Sunday,7
2023-11-13,2023,4,November,Monday,1
2023-11-14,2023,4,November,Tuesday,2
2023-11-15,2023,4,November,Wednesday,3
2023-11-16,2023,4,November,Thursday,4
2023-11-17,2023,4,November,Friday,5
2023-11-18,2023,4,November,Saturday,6
2023-11-19,2023,4,November,Sunday,7
2023-11-20,2023,4,November,Monday,1
2023-11-21,2023,4,November,Tuesday,2
2023-11-22,2023,4,November,Wednesday,3
2023-11-23,2023,4,November,Thursday,4
2023-11-24,2023,4,November,Friday,5
2023-11-25,2023,4,November,Saturday,6
2023-11-26,2023,4,November,Sunday,7
2023-11-27,2023,4,November,Monday,1
2023-11-28,2023,4,November,Tuesday,2
2023-11-29,2023,4,November,Wednesday,3
2023-11-30,2023,4,November,Thursday,4
2023-12-01,2023,4,December,Friday,5
2023-12-02,2023,4,December,Saturday,6
2023-12-03,2023,4,December,Sunday,7
2023-12-04,2023,4,December,Monday,1
2023-12-05,2023,4,December,Tuesday,2
2023-12-06,2023,4,December,Wednesday,3
2023-12-07,2023,4,December,Thursday,4
2023-12-08,2023,4,December,Friday,5
2023-12-09,2023,4,December,Saturday,6
2023-12-10,2023,4,December,Sunday,7
2023-12-11,2023,4,December,Monday,1
2023-12-12,2023,4,December,Tuesday,2
2023-12-13,2023,4,December,Wednesday,3
2023-12-14,2023,4,December,Thursday,4
2023-12-15,2023,4,December,Friday,5
2023-12-16,2023,4,December,Saturday,6
2023-12-17,2023,4,December,Sunday,7
2023-12-18,2023,4,December,Monday,1
2023-12-19,2023,4,December,Tuesday,2
2023-12-20,2023,4,December,Wednesday,3
2023-12-21,2023,4,December,Thursday,4
2023-12-22,2023,4,December,Friday,5
2023-12-23,2023,4,December,Saturday,6
2023-12-24,2023,4,December,Sunday,7
2023-12-25,2023,4,December,Monday,1
2023-12-26,2023,4,December,Tuesday,2
2023-12-27,2023,4,December,Wednesday,3
2023-12-28,2023,4,December,Thursday,4
2023-12-29,2023,4,December,Friday,5
2023-12-30,2023,4,December,Saturday,6
2023-12-31,2023,4,December,Sunday,7
2024-01-01,2024,1,January,Monday,1
2024-01-02,2024,1,January,Tuesday,2
2024-01-03,2024,1,January,Wednesday,3
2024-01-04,2024,1,January,Thursday,4
2024-01-05,2024,1,January,Friday,5
2024-01-06,2024,1,January,Saturday,6
2024-01-07,2024,1,January,Sunday,7
2024-01-08,2024,1,January,Monday,1
2024-01-09,2024,1,January,Tuesday,2
2024-01-10,2024,1,January,Wednesday,3
2024-01-11,2024,1,January,Thursday,4
2024-01-12,2024,1,January,Friday,5
2024-01-13,2024,1,January,Saturday,6
2024-01-14,2024,1,January,Sunday,7
2024-01-15,2024,1,January,Monday,1
2024-01-16,2024,1,January,Tuesday,2
2024-01-17,2024,1,January,Wednesday,3
2024-01-18,2024,1,January,Thursday,4
2024-01-19,2024,1,January,Friday,5
2024-01-20,2024,1,January,Saturday,6
2024-01-21,2024,1,January,Sunday,7
2024-01-22,2024,1,January,Monday,1
2024-01-23,2024,1,January,Tuesday,2
2024-01-24,2024,1,January,Wednesday,3
2024-01-25,2024,1,January,Thursday,4
2024-01-26,2024,1,January,Friday,5
2024-01-27,2024,1,January,Saturday,6
2024-01-28,2024,1,January,Sunday,7
2024-01-29,2024,1,January,Monday,1
2024-01-30,2024,1,January,Tuesday,2
2024-01-31,2024,1,January,Wednesday,3
2024-02-01,2024,1,February,Thursday,4
2024-02-02,2024,1,February,Friday,5
2024-02-03,2024,1,February,Saturday,6
2024-02-04,2024,1,February,Sunday,7
2024-02-05,2024,1,February,Monday,1
2024-02-06,2024,1,February,Tuesday,2
2024-02-07,2024,1,February,Wednesday,3
2024-02-08,2024,1,February,Thursday,4
2024-02-09,2024,1,February,Friday,5
2024-02-10,2024,1,February,Saturday,6
2024-02-11,2024,1,February,Sunday,7
2024-02-12,2024,1,February,Monday,1
2024-02-13,2024,1,February,Tuesday,2
2024-02-14,2024,1,February,Wednesday,3
2024-02-15,2024,1,February,Thursday,4
2024-02-16,2024,1,February,Friday,5
2024-02-17,2024,1,February,Saturday,6
2024-02-18,2024,1,February,Sunday,7
2024-02-19,2024,1,February,Monday,1
2024-02-20,2024,1,February,Tuesday,2
2024-02-21,2024,1,February,Wednesday,3
2024-02-22,2024,1,February,Thursday,4
2024-02-23,2024,1,February,Friday,5
2024-02-24,2024,1,February,Saturday,6
2024-02-25,2024,1,February,Sunday,7
2024-02-26,2024,1,February,Monday,1
2024-02-27,2024,1,February,Tuesday,2
2024-02-28,2024,1,February,Wednesday,3
2024-02-29,2024,1,February,Thursday,4
2024-03-01,2024,1,March,Friday,5
2024-03-02,2024,1,March,Saturday,6
2024-03-03,2024,1,March,Sunday,7
2024-03-04,2024,1,March,Monday,1
2024-03-05,2024,1,March,Tuesday,2
2024-03-06,2024,1,March,Wednesday,3
2024-03-07,2024,1,March,Thursday,4
2024-03-08,2024,1,March,Friday,5
2024-03-09,2024,1,March,Saturday,6
2024-03-10,2024,1,March,Sunday,7
2024-03-11,2024,1,March,Monday,1
2024-03-12,2024,1,March,Tuesday,2
2024-03-13,2024,1,March,Wednesday,3
2024-03-14,2024,1,March,Thursday,4
2024-03-15,2024,1,March,Friday,5
2024-03-16,2024,1,March,Saturday,6
2024-03-17,2024,1,March,Sunday,7
2024-03-18,2024,1,March,Monday,1
2024-03-19,2024,1,March,Tuesday,2
2024-03-20,2024,1,March,Wednesday,3
2024-03-21,2024,1,March,Thursday,4
2024-03-22,2024,1,March,Friday,5
2024-03-23,2024,1,March,Saturday,6
2024-03-24,2024,1,March,Sunday,7
2024-03-25,2024,1,March,Monday,1
2024-03-26,2024,1,March,Tuesday,2
2024-03-27,2024,1,March,Wednesday,3
2024-03-28,2024,1,March,Thursday,4
2024-03-29,2024,1,March,Friday,5
2024-03-30,2024,1,March,Saturday,6
2024-03-31,2024,1,March,Sunday,7
2024-04-01,2024,2,April,Monday,1
2024-04-02,2024,2,April,Tuesday,2
2024-04-03,2024,2,April,Wednesday,3
2024-04-04,2024,2,April,Thursday,4
2024-04-05,2024,2,April,Friday,5
2024-04-06,2024,2,April,Saturday,6
2024-04-07,2024,2,April,Sunday,7
2024-04-08,2024,2,April,Monday,1
2024-04-09,2024,2,April,Tuesday,2
2024-04-10,2024,2,April,Wednesday,3
2024-04-11,2024,2,April,Thursday,4
2024-04-12,2024,2,April,Friday,5
2024-04-13,2024,2,April,Saturday,6
2024-04-14,2024,2,April,Sunday,7
2024-04-15,2024,2,April,Monday,1
2024-04-16,2024,2,April,Tuesday,2
2024-04-17,2024,2,April,Wednesday,3
2024-04-18,2024,2,April,Thursday,4
2024-04-19,2024,2,April,Friday,5
2024-04-20,2024,2,April,Saturday,6
2024-04-21,2024,2,April,Sunday,7
2024-04-22,2024,2,April,Monday,1
2024-04-23,2024,2,April,Tuesday,2
2024-04-24,2024,2,April,Wednesday,3
2024-04-25,2024,2,April,Thursday,4
2024-04-26,2024,2,April,Friday,5
2024-04-27,2024,2,April,Saturday,6
2024-04-28,2024,2,April,Sunday,7
2024-04-29,2024,2,April,Monday,1
2024-04-30,2024,2,April,Tuesday,2
2024-05-01,2024,2,May,Wednesday,3
2024-05-02,2024,2,May,Thursday,4
2024-05-03,2024,2,May,Friday,5
2024-05-04,2024,2,May,Saturday,6
2024-05-05,2024,2,May,Sunday,7
2024-05-06,2024,2,May,Monday,1
2024-05-07,2024,2,May,Tuesday,2
2024-05-08,2024,2,May,Wednesday,3
2024-05-09,2024,2,May,Thursday,4
2024-05-10,2024,2,May,Friday,5
2024-05-11,2024,2,May,Saturday,6
2024-05-12,2024,2,May,Sunday,7
2024-05-13,2024,2,May,Monday,1
2024-05-14,2024,2,May,Tuesday,2
2024-05-15,2024,2,May,Wednesday,3
2024-05-16,2024,2,May,Thursday,4
2024-05-17,2024,2,May,Friday,5
2024-05-18,2024,2,May,Saturday,6
2024-05-19,2024,2,May,Sunday,7
2024-05-20,2024,2,May,Monday,1
2024-05-21,2024,2,May,Tuesday,2
2024-05-22,2024,2,May,Wednesday,3
2024-05-23,2024,2,May,Thursday,4
2024-05-24,2024,2,May,Friday,5
2024-05-25,2024,2,May,Saturday,6
2024-05-26,2024,2,May,Sunday,7
2024-05-27,2024,2,May,Monday,1
2024-05-28,2024,2,May,Tuesday,2
2024-05-29,2024,2,May,Wednesday,3
2024-05-30,2024,2,May,Thursday,4
2024-05-31,2024,2,May,Friday,5
2024-06-01,2024,2,June,Saturday,6
2024-06-02,2024,2,June,Sunday,7
2024-06-03,2024,2,June,Monday,1
2024-06-04,2024,2,June,Tuesday,2
2024-06-05,2024,2,June,Wednesday,3
2024-06-06,2024,2,June,Thursday,4
2024-06-07,2024,2,June,Friday,5
2024-06-08,2024,2,June,Saturday,6
2024-06-09,2024,2,June,Sunday,7
2024-06-10,2024,2,June,Monday,1
2024-06-11,2024,2,June,Tuesday,2
2024-06-12,2024,2,June,Wednesday,3
2024-06-13,2024,2,June,Thursday,4
2024-06-14,2024,2,June,Friday,5
2024-06-15,2024,2,June,Saturday,6
2024-06-16,2024,2,June,Sunday,7
2024-06-17,2024,2,June,Monday,1
2024-06-18,2024,2,June,Tuesday,2
2024-06-19,2024,2,June,Wednesday,3
2024-06-20,2024,2,June,Thursday,4
2024-06-21,2024,2,June,Friday,5
2024-06-22,2024,2,June,Saturday,6
2024-06-23,2024,2,June,Sunday,7
2024-06-24,2024,2,June,Monday,1
2024-06-25,2024,2,June,Tuesday,2
2024-06-26,2024,2,June,Wednesday,3
2024-06-27,2024,2,June,Thursday,4
2024-06-28,2024,2,June,Friday,5
2024-06-29,2024,2,June,Saturday,6
2024-06-30,2024,2,June,Sunday,7
2024-07-01,2024,3,July,Monday,1
2024-07-02,2024,3,July,Tuesday,2
2024-07-03,2024,3,July,Wednesday,3
2024-07-04,2024,3,July,Thursday,4
2024-07-05,2024,3,July,Friday,5
2024-07-06,2024,3,July,Saturday,6
2024-07-07,2024,3,July,Sunday,7
2024-07-08,2024,3,July,Monday,1
2024-07-09,2024,3,July,Tuesday,2
2024-07-10,2024,3,July,Wednesday,3
2024-07-11,2024,3,July,Thursday,4
2024-07-12,2024,3,July,Friday,5
2024-07-13,2024,3,July,Saturday,6
2024-07-14,2024,3,July,Sunday,7
2024-07-15,2024,3,July,Monday,1
2024-07-16,2024,3,July,Tuesday,2
2024-07-17,2024,3,July,Wednesday,3
2024-07-18,2024,3,July,Thursday,4
2024-07-19,2024,3,July,Friday,5
2024-07-20,2024,3,July,Saturday,6
2024-07-21,2024,3,July,Sunday,7
2024-07-22,2024,3,July,Monday,1
2024-07-23,2024,3,July,Tuesday,2
2024-07-24,2024,3,July,Wednesday,3
2024-07-25,2024,3,July,Thursday,4
2024-07-26,2024,3,July,Friday,5
2024-07-27,2024,3,July,Saturday,6
2024-07-28,2024,3,July,Sunday,7
2024-07-29,2024,3,July,Monday,1
2024-07-30,2024,3,July,Tuesday,2
2024-07-31,2024,3,July,Wednesday,3
2024-08-01,2024,3,August,Thursday,4
2024-08-02,2024,3,August,Friday,5
2024-08-03,2024,3,August,Saturday,6
2024-08-04,2024,3,August,Sunday,7
2024-08-05,2024,3,August,Monday,1
2024-08-06,2024,3,August,Tuesday,2
2024-08-07,2024,3,August,Wednesday,3
2024-08-08,2024,3,August,Thursday,4
2024-08-09,2024,3,August,Friday,5
2024-08-10,2024,3,August,Saturday,6
2024-08-11,2024,3,August,Sunday,7
2024-08-12,2024,3,August,Monday,1
2024-08-13,2024,3,August,Tuesday,2
2024-08-14,2024,3,August,Wednesday,3
2024-08-15,2024,3,August,Thursday,4
2024-08-16,2024,3,August,Friday,5
2024-08-17,2024,3,August,Saturday,6
2024-08-18,2024,3,August,Sunday,7
2024-08-19,2024,3,August,Monday,1
2024-08-20,2024,3,August,Tuesday,2
2024-08-21,2024,3,August,Wednesday,3
2024-08-22,2024,3,August,Thursday,4
2024-08-23,2024,3,August,Friday,5
2024-08-24,2024,3,August,Saturday,6
2024-08-25,2024,3,August,Sunday,7
2024-08-26,2024,3,August,Monday,1
2024-08-27,2024,3,August,Tuesday,2
2024-08-28,2024,3,August,Wednesday,3
2024-08-29,2024,3,August,Thursday,4
2024-08-30,2024,3,August,Friday,5
2024-08-31,2024,3,August,Saturday,6
2024-09-01,2024,3,September,Sunday,7
2024-09-02,2024,3,September,Monday,1
2024-09-03,2024,3,September,Tuesday,2
2024-09-04,2024,3,September,Wednesday,3
2024-09-05,2024,3,September,Thursday,4
2024-09-06,2024,3,September,Friday,5
2024-09-07,2024,3,September,Saturday,6
2024-09-08,2024,3,September,Sunday,7
2024-09-09,2024,3,September,Monday,1
2024-09-10,2024,3,September,Tuesday,2
2024-09-11,2024,3,September,Wednesday,3
2024-09-12,2024,3,September,Thursday,4
2024-09-13,2024,3,September,Friday,5
2024-09-14,2024,3,September,Saturday,6
2024-09-15,2024,3,September,Sunday,7
2024-09-16,2024,3,September,Monday,1
2024-09-17,2024,3,September,Tuesday,2
2024-09-18,2024,3,September,Wednesday,3
2024-09-19,2024,3,September,Thursday,4
2024-09-20,2024,3,September,Friday,5
2024-09-21,2024,3,September,Saturday,6
2024-09-22,2024,3,September,Sunday,7
2024-09-23,2024,3,September,Monday,1
2024-09-24,2024,3,September,Tuesday,2
2024-09-25,2024,3,September,Wednesday,3
2024-09-26,2024,3,September,Thursday,4
2024-09-27,2024,3,September,Friday,5
2024-09-28,2024,3,September,Saturday,6
2024-09-29,2024,3,September,Sunday,7
2024-09-30,2024,3,September,Monday,1
2024-10-01,2024,4,October,Tuesday,2
2024-10-02,2024,4,October,Wednesday,3
2024-10-03,2024,4,October,Thursday,4
2024-10-04,2024,4,October,Friday,5
2024-10-05,2024,4,October,Saturday,6
2024-10-06,2024,4,October,Sunday,7
2024-10-07,2024,4,October,Monday,1
2024-10-08,2024,4,October,Tuesday,2
2024-10-09,2024,4,October,Wednesday,3
2024-10-10,2024,4,October,Thursday,4
2024-10-11,2024,4,October,Friday,5
2024-10-12,2024,4,October,Saturday,6
2024-10-13,2024,4,October,Sunday,7
2024-10-14,2024,4,October,Monday,1
2024-10-15,2024,4,October,Tuesday,2
2024-10-16,2024,4,October,Wednesday,3
2024-10-17,2024,4,October,Thursday,4
2024-10-18,2024,4,October,Friday,5
2024-10-19,2024,4,October,Saturday,6
2024-10-20,2024,4,October,Sunday,7
2024-10-21,2024,4,October,Monday,1
2024-10-22,2024,4,October,Tuesday,2
2024-10-23,2024,4,October,Wednesday,3
2024-10-24,2024,4,October,Thursday,4
2024-10-25,2024,4,October,Friday,5
2024-10-26,2024,4,October,Saturday,6
2024-10-27,2024,4,October,Sunday,7
2024-10-28,2024,4,October,Monday,1
2024-10-29,2024,4,October,Tuesday,2
2024-10-30,2024,4,October,Wednesday,3
2024-10-31,2024,4,October,Thursday,4
2024-11-01,2024,4,November,Friday,5
2024-11-02,2024,4,November,Saturday,6
2024-11-03,2024,4,November,Sunday,7
2024-11-04,2024,4,November,Monday,1
2024-11-05,2024,4,November,Tuesday,2
2024-11-06,2024,4,November,Wednesday,3
2024-11-07,2024,4,November,Thursday,4
2024-11-08,2024,4,November,Friday,5
2024-11-09,2024,4,November,Saturday,6
2024-11-10,2024,4,November,Sunday,7
2024-11-11,2024,4,November,Monday,1
2024-11-12,2024,4,November,Tuesday,2
2024-11-13,2024,4,November,Wednesday,3
2024-11-14,2024,4,November,Thursday,4
2024-11-15,2024,4,November,Friday,5
2024-11-16,2024,4,November,Saturday,6
2024-11-17,2024,4,November,Sunday,7
2024-11-18,2024,4,November,Monday,1
2024-11-19,2024,4,November,Tuesday,2
2024-11-20,2024,4,November,Wednesday,3
2024-11-21,2024,4,November,Thursday,4
2024-11-22,2024,4,November,Friday,5
2024-11-23,2024,4,November,Saturday,6
2024-11-24,2024,4,November,Sunday,7
2024-11-25,2024,4,November,Monday,1
2024-11-26,2024,4,November,Tuesday,2
2024-11-27,2024,4,November,Wednesday,3
2024-11-28,2024,4,November,Thursday,4
2024-11-29,2024,4,November,Friday,5
2024-11-30,2024,4,November,Saturday,6
2024-12-01,2024,4,December,Sunday,7
2024-12-02,2024,4,December,Monday,1
2024-12-03,2024,4,December,Tuesday,2
2024-12-04,2024,4,December,Wednesday,3
2024-12-05,2024,4,December,Thursday,4
2024-12-06,2024,4,December,Friday,5
2024-12-07,2024,4,December,Saturday,6
2024-12-08,2024,4,December,Sunday,7
2024-12-09,2024,4,December,Monday,1
2024-12-10,2024,4,December,Tuesday,2
2024-12-11,2024,4,December,Wednesday,3
2024-12-12,2024,4,December,Thursday,4
2024-12-13,2024,4,December,Friday,5
2024-12-14,2024,4,December,Saturday,6
2024-12-15,2024,4,December,Sunday,7
2024-12-16,2024,4,December,Monday,1
2024-12-17,2024,4,December,Tuesday,2
2024-12-18,2024,4,December,Wednesday,3
2024-12-19,2024,4,December,Thursday,4
2024-12-20,2024,4,December,Friday,5
2024-12-21,2024,4,December,Saturday,6
2024-12-22,2024,4,December,Sunday,7
2024-12-23,2024,4,December,Monday,1
2024-12-24,2024,4,December,Tuesday,2
2024-12-25,2024,4,December,Wednesday,3
2024-12-26,2024,4,December,Thursday,4
2024-12-27,2024,4,December,Friday,5
2024-12-28,2024,4,December,Saturday,6
2024-12-29,2024,4,December,Sunday,7
2024-12-30,2024,4,December,Monday,1
2024-12-31,2024,4,December,Tuesday,2
2025-01-01,2025,1,January,Wednesday,3
2025-01-02,2025,1,January,Thursday,4
2025-01-03,2025,1,January,Friday,5
2025-01-04,2025,1,January,Saturday,6
2025-01-05,2025,1,January,Sunday,7
2025-01-06,2025,1,January,Monday,1
2025-01-07,2025,1,January,Tuesday,2
2025-01-08,2025,1,January,Wednesday,3
2025-01-09,2025,1,January,Thursday,4
2025-01-10,2025,1,January,Friday,5
2025-01-11,2025,1,January,Saturday,6
2025-01-12,2025,1,January,Sunday,7
2025-01-13,2025,1,January,Monday,1
2025-01-14,2025,1,January,Tuesday,2
2025-01-15,2025,1,January,Wednesday,3
2025-01-16,2025,1,January,Thursday,4
2025-01-17,2025,1,January,Friday,5
2025-01-18,2025,1,January,Saturday,6
2025-01-19,2025,1,January,Sunday,7
2025-01-20,2025,1,January,Monday,1
2025-01-21,2025,1,January,Tuesday,2
2025-01-22,2025,1,January,Wednesday,3
2025-01-23,2025,1,January,Thursday,4
2025-01-24,2025,1,January,Friday,5
2025-01-25,2025,1,January,Saturday,6
2025-01-26,2025,1,January,Sunday,7
2025-01-27,2025,1,January,Monday,1
2025-01-28,2025,1,January,Tuesday,2
2025-01-29,2025,1,January,Wednesday,3
2025-01-30,2025,1,January,Thursday,4
2025-01-31,2025,1,January,Friday,5
2025-02-01,2025,1,February,Saturday,6
2025-02-02,2025,1,February,Sunday,7
2025-02-03,2025,1,February,Monday,1
2025-02-04,2025,1,February,Tuesday,2
2025-02-05,2025,1,February,Wednesday,3
2025-02-06,2025,1,February,Thursday,4
2025-02-07,2025,1,February,Friday,5
2025-02-08,2025,1,February,Saturday,6
2025-02-09,2025,1,February,Sunday,7
2025-02-10,2025,1,February,Monday,1
2025-02-11,2025,1,February,Tuesday,2
2025-02-12,2025,1,February,Wednesday,3
2025-02-13,2025,1,February,Thursday,4
2025-02-14,2025,1,February,Friday,5
2025-02-15,2025,1,February,Saturday,6
2025-02-16,2025,1,February,Sunday,7
2025-02-17,2025,1,February,Monday,1
2025-02-18,2025,1,February,Tuesday,2
2025-02-19,2025,1,February,Wednesday,3
2025-02-20,2025,1,February,Thursday,4
2025-02-21,2025,1,February,Friday,5
2025-02-22,2025,1,February,Saturday,6
2025-02-23,2025,1,February,Sunday,7
2025-02-24,2025,1,February,Monday,1
2025-02-25,2025,1,February,Tuesday,2
2025-02-26,2025,1,February,Wednesday,3
2025-02-27,2025,1,February,Thursday,4
2025-02-28,2025,1,February,Friday,5
2025-03-01,2025,1,March,Saturday,6
2025-03-02,2025,1,March,Sunday,7
2025-03-03,2025,1,March,Monday,1
2025-03-04,2025,1,March,Tuesday,2
2025-03-05,2025,1,March,Wednesday,3
2025-03-06,2025,1,March,Thursday,4
2025-03-07,2025,1,March,Friday,5
2025-03-08,2025,1,March,Saturday,6
2025-03-09,2025,1,March,Sunday,7
2025-03-10,2025,1,March,Monday,1
2025-03-11,2025,1,March,Tuesday,2
2025-03-12,2025,1,March,Wednesday,3
2025-03-13,2025,1,March,Thursday,4
2025-03-14,2025,1,March,Friday,5
2025-03-15,2025,1,March,Saturday,6
2025-03-16,2025,1,March,Sunday,7
2025-03-17,2025,1,March,Monday,1
2025-03-18,2025,1,March,Tuesday,2
2025-03-19,2025,1,March,Wednesday,3
2025-03-20,2025,1,March,Thursday,4
2025-03-21,2025,1,March,Friday,5
2025-03-22,2025,1,March,Saturday,6
2025-03-23,2025,1,March,Sunday,7
2025-03-24,2025,1,March,Monday,1
2025-03-25,2025,1,March,Tuesday,2
2025-03-26,2025,1,March,Wednesday,3
2025-03-27,2025,1,March,Thursday,4
2025-03-28,2025,1,March,Friday,5
2025-03-29,2025,1,March,Saturday,6
2025-03-30,2025,1,March,Sunday,7
2025-03-31,2025,1,March,Monday,1
2025-04-01,2025,2,April,Tuesday,2
2025-04-02,2025,2,April,Wednesday,3
2025-04-03,2025,2,April,Thursday,4
2025-04-04,2025,2,April,Friday,5
2025-04-05,2025,2,April,Saturday,6
2025-04-06,2025,2,April,Sunday,7
2025-04-07,2025,2,April,Monday,1
2025-04-08,2025,2,April,Tuesday,2
2025-04-09,2025,2,April,Wednesday,3
2025-04-10,2025,2,April,Thursday,4
2025-04-11,2025,2,April,Friday,5
2025-04-12,2025,2,April,Saturday,6
2025-04-13,2025,2,April,Sunday,7
2025-04-14,2025,2,April,Monday,1
2025-04-15,2025,2,April,Tuesday,2
2025-04-16,2025,2,April,Wednesday,3
2025-04-17,2025,2,April,Thursday,4
2025-04-18,2025,2,April,Friday,5
2025-04-19,2025,2,April,Saturday,6
2025-04-20,2025,2,April,Sunday,7
2025-04-21,2025,2,April,Monday,1
2025-04-22,2025,2,April,Tuesday,2
2025-04-23,2025,2,April,Wednesday,3
2025-04-24,2025,2,April,Thursday,4
2025-04-25,2025,2,April,Friday,5
2025-04-26,2025,2,April,Saturday,6
2025-04-27,2025,2,April,Sunday,7
2025-04-28,2025,2,April,Monday,1
2025-04-29,2025,2,April,Tuesday,2
2025-04-30,2025,2,April,Wednesday,3
2025-05-01,2025,2,May,Thursday,4
2025-05-02,2025,2,May,Friday,5
2025-05-03,2025,2,May,Saturday,6
2025-05-04,2025,2,May,Sunday,7
2025-05-05,2025,2,May,Monday,1
2025-05-06,2025,2,May,Tuesday,2
2025-05-07,2025,2,May,Wednesday,3
2025-05-08,2025,2,May,Thursday,4
2025-05-09,2025,2,May,Friday,5
2025-05-10,2025,2,May,Saturday,6
2025-05-11,2025,2,May,Sunday,7
2025-05-12,2025,2,May,Monday,1
2025-05-13,2025,2,May,Tuesday,2
2025-05-14,2025,2,May,Wednesday,3
2025-05-15,2025,2,May,Thursday,4
2025-05-16,2025,2,May,Friday,5
2025-05-17,2025,2,May,Saturday,6
2025-05-18,2025,2,May,Sunday,7
2025-05-19,2025,2,May,Monday,1
2025-05-20,2025,2,May,Tuesday,2
2025-05-21,2025,2,May,Wednesday,3
2025-05-22,2025,2,May,Thursday,4
2025-05-23,2025,2,May,Friday,5
2025-05-24,2025,2,May,Saturday,6
2025-05-25,2025,2,May,Sunday,7
2025-05-26,2025,2,May,Monday,1
2025-05-27,2025,2,May,Tuesday,2
2025-05-28,2025,2,May,Wednesday,3
2025-05-29,2025,2,May,Thursday,4
2025-05-30,2025,2,May,Friday,5
2025-05-31,2025,2,May,Saturday,6
2025-06-01,2025,2,June,Sunday,7
2025-06-02,2025,2,June,Monday,1
2025-06-03,2025,2,June,Tuesday,2
2025-06-04,2025,2,June,Wednesday,3
2025-06-05,2025,2,June,Thursday,4
2025-06-06,2025,2,June,Friday,5
2025-06-07,2025,2,June,Saturday,6
2025-06-08,2025,2,June,Sunday,7
2025-06-09,2025,2,June,Monday,1
2025-06-10,2025,2,June,Tuesday,2
2025-06-11,2025,2,June,Wednesday,3
2025-06-12,2025,2,June,Thursday,4
2025-06-13,2025,2,June,Friday,5
2025-06-14,2025,2,June,Saturday,6
2025-06-15,2025,2,June,Sunday,7
2025-06-16,2025,2,June,Monday,1
2025-06-17,2025,2,June,Tuesday,2
2025-06-18,2025,2,June,Wednesday,3
2025-06-19,2025,2,June,Thursday,4
2025-06-20,2025,2,June,Friday,5
2025-06-21,2025,2,June,Saturday,6
2025-06-22,2025,2,June,Sunday,7
2025-06-23,2025,2,June,Monday,1
2025-06-24,2025,2,June,Tuesday,2
2025-06-25,2025,2,June,Wednesday,3
2025-06-26,2025,2,June,Thursday,4
2025-06-27,2025,2,June,Friday,5
2025-06-28,2025,2,June,Saturday,6
2025-06-29,2025,2,June,Sunday,7
2025-06-30,2025,2,June,Monday,1
2025-07-01,2025,3,July,Tuesday,2
2025-07-02,2025,3,July,Wednesday,3
2025-07-03,2025,3,July,Thursday,4
2025-07-04,2025,3,July,Friday,5
2025-07-05,2025,3,July,Saturday,6
2025-07-06,2025,3,July,Sunday,7
2025-07-07,2025,3,July,Monday,1
2025-07-08,2025,3,July,Tuesday,2
2025-07-09,2025,3,July,Wednesday,3
2025-07-10,2025,3,July,Thursday,4
2025-07-11,2025,3,July,Friday,5
2025-07-12,2025,3,July,Saturday,6
2025-07-13,2025,3,July,Sunday,7
2025-07-14,2025,3,July,Monday,1
2025-07-15,2025,3,July,Tuesday,2
2025-07-16,2025,3,July,Wednesday,3
2025-07-17,2025,3,July,Thursday,4
2025-07-18,2025,3,July,Friday,5
2025-07-19,2025,3,July,Saturday,6
2025-07-20,2025,3,July,Sunday,7
2025-07-21,2025,3,July,Monday,1
2025-07-22,2025,3,July,Tuesday,2
2025-07-23,2025,3,July,Wednesday,3
2025-07-24,2025,3,July,Thursday,4
2025-07-25,2025,3,July,Friday,5
2025-07-26,2025,3,July,Saturday,6
2025-07-27,2025,3,July,Sunday,7
2025-07-28,2025,3,July,Monday,1
2025-07-29,2025,3,July,Tuesday,2
2025-07-30,2025,3,July,Wednesday,3
2025-07-31,2025,3,July,Thursday,4
2025-08-01,2025,3,August,Friday,5
2025-08-02,2025,3,August,Saturday,6
2025-08-03,2025,3,August,Sunday,7
2025-08-04,2025,3,August,Monday,1
2025-08-05,2025,3,August,Tuesday,2
2025-08-06,2025,3,August,Wednesday,3
2025-08-07,2025,3,August,Thursday,4
2025-08-08,2025,3,August,Friday,5
2025-08-09,2025,3,August,Saturday,6
2025-08-10,2025,3,August,Sunday,7
2025-08-11,2025,3,August,Monday,1
2025-08-12,2025,3,August,Tuesday,2
2025-08-13,2025,3,August,Wednesday,3
2025-08-14,2025,3,August,Thursday,4
2025-08-15,2025,3,August,Friday,5
2025-08-16,2025,3,August,Saturday,6
2025-08-17,2025,3,August,Sunday,7
2025-08-18,2025,3,August,Monday,1
2025-08-19,2025,3,August,Tuesday,2
2025-08-20,2025,3,August,Wednesday,3
2025-08-21,2025,3,August,Thursday,4
2025-08-22,2025,3,August,Friday,5
2025-08-23,2025,3,August,Saturday,6
2025-08-24,2025,3,August,Sunday,7
2025-08-25,2025,3,August,Monday,1
2025-08-26,2025,3,August,Tuesday,2
2025-08-27,2025,3,August,Wednesday,3
2025-08-28,2025,3,August,Thursday,4
2025-08-29,2025,3,August,Friday,5
2025-08-30,2025,3,August,Saturday,6
2025-08-31,2025,3,August,Sunday,7
2025-09-01,2025,3,September,Monday,1
2025-09-02,2025,3,September,Tuesday,2
2025-09-03,2025,3,September,Wednesday,3
2025-09-04,2025,3,September,Thursday,4
2025-09-05,2025,3,September,Friday,5
2025-09-06,2025,3,September,Saturday,6
2025-09-07,2025,3,September,Sunday,7
2025-09-08,2025,3,September,Monday,1
2025-09-09,2025,3,September,Tuesday,2
2025-09-10,2025,3,September,Wednesday,3
2025-09-11,2025,3,September,Thursday,4
2025-09-12,2025,3,September,Friday,5
2025-09-13,2025,3,September,Saturday,6
2025-09-14,2025,3,September,Sunday,7
2025-09-15,2025,3,September,Monday,1
2025-09-16,2025,3,September,Tuesday,2
2025-09-17,2025,3,September,Wednesday,3
2025-09-18,2025,3,September,Thursday,4
2025-09-19,2025,3,September,Friday,5
2025-09-20,2025,3,September,Saturday,6
2025-09-21,2025,3,September,Sunday,7
2025-09-22,2025,3,September,Monday,1
2025-09-23,2025,3,September,Tuesday,2
2025-09-24,2025,3,September,Wednesday,3
2025-09-25,2025,3,September,Thursday,4
2025-09-26,2025,3,September,Friday,5
2025-09-27,2025,3,September,Saturday,6
2025-09-28,2025,3,September,Sunday,7
2025-09-29,2025,3,September,Monday,1
2025-09-30,2025,3,September,Tuesday,2
2025-10-01,2025,4,October,Wednesday,3
2025-10-02,2025,4,October,Thursday,4
2025-10-03,2025,4,October,Friday,5
2025-10-04,2025,4,October,Saturday,6
2025-10-05,2025,4,October,Sunday,7
2025-10-06,2025,4,October,Monday,1
2025-10-07,2025,4,October,Tuesday,2
2025-10-08,2025,4,October,Wednesday,3
2025-10-09,2025,4,October,Thursday,4
2025-10-10,2025,4,October,Friday,5
2025-10-11,2025,4,October,Saturday,6
2025-10-12,2025,4,October,Sunday,7
2025-10-13,2025,4,October,Monday,1
2025-10-14,2025,4,October,Tuesday,2
2025-10-15,2025,4,October,Wednesday,3
2025-10-16,2025,4,October,Thursday,4
2025-10-17,2025,4,October,Friday,5
2025-10-18,2025,4,October,Saturday,6
2025-10-19,2025,4,October,Sunday,7
2025-10-20,2025,4,October,Monday,1
2025-10-21,2025,4,October,Tuesday,2
2025-10-22,2025,4,October,Wednesday,3
2025-10-23,2025,4,October,Thursday,4
2025-10-24,2025,4,October,Friday,5
2025-10-25,2025,4,October,Saturday,6
2025-10-26,2025,4,October,Sunday,7
2025-10-27,2025,4,October,Monday,1
2025-10-28,2025,4,October,Tuesday,2
2025-10-29,2025,4,October,Wednesday,3
2025-10-30,2025,4,October,Thursday,4
2025-10-31,2025,4,October,Friday,5
2025-11-01,2025,4,November,Saturday,6
2025-11-02,2025,4,November,Sunday,7
2025-11-03,2025,4,November,Monday,1
2025-11-04,2025,4,November,Tuesday,2
2025-11-05,2025,4,November,Wednesday,3
2025-11-06,2025,4,November,Thursday,4
2025-11-07,2025,4,November,Friday,5
2025-11-08,2025,4,November,Saturday,6
2025-11-09,2025,4,November,Sunday,7
2025-11-10,2025,4,November,Monday,1
2025-11-11,2025,4,November,Tuesday,2
2025-11-12,2025,4,November,Wednesday,3
2025-11-13,2025,4,November,Thursday,4
2025-11-14,2025,4,November,Friday,5
2025-11-15,2025,4,November,Saturday,6
2025-11-16,2025,4,November,Sunday,7
2025-11-17,2025,4,November,Monday,1
2025-11-18,2025,4,November,Tuesday,2
2025-11-19,2025,4,November,Wednesday,3
2025-11-20,2025,4,November,Thursday,4
2025-11-21,2025,4,November,Friday,5
2025-11-22,2025,4,November,Saturday,6
2025-11-23,2025,4,November,Sunday,7
2025-11-24,2025,4,November,Monday,1
2025-11-25,2025,4,November,Tuesday,2
2025-11-26,2025,4,November,Wednesday,3
2025-11-27,2025,4,November,Thursday,4
2025-11-28,2025,4,November,Friday,5
2025-11-29,2025,4,November,Saturday,6
2025-11-30,2025,4,November,Sunday,7
2025-12-01,2025,4,December,Monday,1
2025-12-02,2025,4,December,Tuesday,2
2025-12-03,2025,4,December,Wednesday,3
2025-12-04,2025,4,December,Thursday,4
2025-12-05,2025,4,December,Friday,5
2025-12-06,2025,4,December,Saturday,6
2025-12-07,2025,4,December,Sunday,7
2025-12-08,2025,4,December,Monday,1
2025-12-09,2025,4,December,Tuesday,2
2025-12-10,2025,4,December,Wednesday,3
2025-12-11,2025,4,December,Thursday,4
2025-12-12,2025,4,December,Friday,5
2025-12-13,2025,4,December,Saturday,6
2025-12-14,2025,4,December,Sunday,7
2025-12-15,2025,4,December,Monday,1
2025-12-16,2025,4,December,Tuesday,2
2025-12-17,2025,4,December,Wednesday,3
2025-12-18,2025,4,December,Thursday,4
2025-12-19,2025,4,December,Friday,5
2025-12-20,2025,4,December,Saturday,6
2025-12-21,2025,4,December,Sunday,7
2025-12-22,2025,4,December,Monday,1
2025-12-23,2025,4,December,Tuesday,2
2025-12-24,2025,4,December,Wednesday,3
2025-12-25,2025,4,December,Thursday,4
2025-12-26,2025,4,December,Friday,5
2025-12-27,2025,4,December,Saturday,6
2025-12-28,2025,4,December,Sunday,7
2025-12-29,2025,4,December,Monday,1
2025-12-30,2025,4,December,Tuesday,2
2025-12-31,2025,4,December,Wednesday,3
